time,temperature_2m,relativehumidity_2m,precipitation,windspeed_10m,pressure_msl
2023-01-01 00:00:00,10.5,99,1.0,7.4,1007.1
2023-01-01 01:00:00,10.4,98,0.1,13.1,1007.1
2023-01-01 02:00:00,10.3,96,0.0,16.0,1007.5
2023-01-01 03:00:00,9.7,95,0.0,16.0,1008.3
2023-01-01 04:00:00,9.0,95,0.0,15.8,1008.8
2023-01-01 05:00:00,8.5,94,0.0,15.9,1009.5
2023-01-01 06:00:00,7.8,94,0.0,13.2,1010.6
2023-01-01 07:00:00,6.6,97,0.0,10.5,1010.8
2023-01-01 08:00:00,7.9,94,0.0,11.9,1011.4
2023-01-01 09:00:00,9.4,90,0.0,15.9,1012.7
2023-01-01 10:00:00,10.5,84,0.0,16.1,1013.9
2023-01-01 11:00:00,10.8,74,0.0,17.3,1014.1
2023-01-01 12:00:00,11.4,68,0.0,16.6,1013.7
2023-01-01 13:00:00,11.7,61,0.0,17.4,1013.9
2023-01-01 14:00:00,11.8,57,0.0,15.9,1013.8
2023-01-01 15:00:00,11.6,56,0.0,12.6,1013.7
2023-01-01 16:00:00,10.1,65,0.0,6.1,1014.2
2023-01-01 17:00:00,6.9,76,0.0,9.5,1014.8
2023-01-01 18:00:00,5.3,83,0.0,9.4,1015.3
2023-01-01 19:00:00,4.8,82,0.0,9.5,1016.1
2023-01-01 20:00:00,6.0,83,0.0,11.9,1016.7
2023-01-01 21:00:00,5.0,86,0.0,7.2,1017.0
2023-01-01 22:00:00,5.7,83,0.0,7.0,1017.0
2023-01-01 23:00:00,6.1,82,0.0,7.9,1017.4
2023-01-02 00:00:00,6.4,83,0.0,5.4,1017.2
2023-01-02 01:00:00,5.5,86,0.0,8.0,1017.1
2023-01-02 02:00:00,4.4,90,0.0,7.7,1017.6
2023-01-02 03:00:00,5.0,91,0.0,7.9,1018.4
2023-01-02 04:00:00,4.5,91,0.0,8.7,1018.5
2023-01-02 05:00:00,4.4,90,0.0,8.7,1019.1
2023-01-02 06:00:00,4.5,90,0.0,7.7,1019.5
2023-01-02 07:00:00,4.9,90,0.0,7.7,1019.8
2023-01-02 08:00:00,5.7,89,0.0,6.3,1020.3
2023-01-02 09:00:00,6.8,85,0.0,7.3,1020.8
2023-01-02 10:00:00,8.3,83,0.0,5.8,1021.2
2023-01-02 11:00:00,9.9,76,0.0,3.9,1020.7
2023-01-02 12:00:00,11.0,71,0.0,2.9,1019.7
2023-01-02 13:00:00,12.0,67,0.0,3.4,1019.5
2023-01-02 14:00:00,12.5,66,0.0,6.0,1019.3
2023-01-02 15:00:00,12.7,67,0.0,9.0,1019.4
2023-01-02 16:00:00,11.1,76,0.0,6.5,1019.7
2023-01-02 17:00:00,9.3,82,0.2,6.3,1019.8
2023-01-02 18:00:00,8.4,86,0.0,6.0,1020.1
2023-01-02 19:00:00,7.6,91,0.0,8.0,1020.6
2023-01-02 20:00:00,8.8,87,0.0,6.8,1020.9
2023-01-02 21:00:00,8.3,92,0.0,6.3,1021.1
2023-01-02 22:00:00,8.5,92,0.3,4.5,1021.1
2023-01-02 23:00:00,8.1,95,0.1,4.3,1020.9
2023-01-03 00:00:00,8.2,96,0.0,5.5,1020.3
2023-01-03 01:00:00,8.0,98,0.0,5.6,1020.5
2023-01-03 02:00:00,8.0,97,0.0,7.4,1020.2
2023-01-03 03:00:00,8.0,94,0.0,8.2,1020.3
2023-01-03 04:00:00,7.9,93,0.0,5.6,1020.0
2023-01-03 05:00:00,8.0,94,0.0,9.4,1019.4
2023-01-03 06:00:00,7.4,97,0.0,5.4,1019.5
2023-01-03 07:00:00,6.2,99,0.0,7.5,1018.1
2023-01-03 08:00:00,7.8,98,0.0,6.9,1017.2
2023-01-03 09:00:00,8.4,96,1.0,8.3,1016.5
2023-01-03 10:00:00,9.2,97,0.2,5.5,1016.1
2023-01-03 11:00:00,8.8,97,3.1,2.9,1016.0
2023-01-03 12:00:00,8.7,98,2.6,7.1,1013.4
2023-01-03 13:00:00,9.2,97,1.0,12.5,1012.9
2023-01-03 14:00:00,10.1,97,1.1,14.1,1012.2
2023-01-03 15:00:00,11.7,97,0.2,19.2,1010.8
2023-01-03 16:00:00,12.5,97,0.0,19.4,1010.5
2023-01-03 17:00:00,12.7,97,0.0,16.1,1010.0
2023-01-03 18:00:00,12.7,97,0.0,14.5,1010.1
2023-01-03 19:00:00,9.9,100,0.0,10.5,1010.1
2023-01-03 20:00:00,11.2,99,0.2,10.5,1010.0
2023-01-03 21:00:00,11.5,98,0.0,13.8,1009.9
2023-01-03 22:00:00,11.6,97,0.0,13.2,1009.6
2023-01-03 23:00:00,11.7,96,0.0,12.7,1009.1
2023-01-04 00:00:00,11.7,97,0.0,13.5,1008.8
2023-01-04 01:00:00,12.1,96,0.1,16.6,1008.7
2023-01-04 02:00:00,12.2,95,0.0,17.3,1009.0
2023-01-04 03:00:00,12.8,93,0.0,18.2,1009.0
2023-01-04 04:00:00,12.1,96,0.0,13.5,1009.0
2023-01-04 05:00:00,12.2,97,0.0,14.8,1009.7
2023-01-04 06:00:00,12.4,97,0.0,15.9,1010.3
2023-01-04 07:00:00,10.0,99,0.0,10.4,1010.8
2023-01-04 08:00:00,11.7,98,0.0,9.4,1011.7
2023-01-04 09:00:00,13.3,94,0.0,14.4,1012.4
2023-01-04 10:00:00,14.8,92,0.0,9.8,1012.6
2023-01-04 11:00:00,16.1,87,0.0,8.0,1012.4
2023-01-04 12:00:00,17.2,82,0.0,8.5,1011.9
2023-01-04 13:00:00,17.9,79,0.0,8.4,1011.5
2023-01-04 14:00:00,17.1,82,0.0,12.7,1011.0
2023-01-04 15:00:00,15.5,89,0.0,9.2,1010.9
2023-01-04 16:00:00,13.9,95,0.0,8.1,1010.7
2023-01-04 17:00:00,12.4,99,0.3,8.8,1010.4
2023-01-04 18:00:00,11.6,100,0.7,9.6,1010.1
2023-01-04 19:00:00,9.4,99,0.9,7.0,1010.3
2023-01-04 20:00:00,11.3,98,0.3,5.8,1009.5
2023-01-04 21:00:00,11.3,100,0.0,4.4,1009.6
2023-01-04 22:00:00,11.2,100,0.0,4.0,1009.4
2023-01-04 23:00:00,10.7,100,0.0,4.5,1009.1
2023-01-05 00:00:00,10.7,100,0.0,3.3,1009.2
2023-01-05 01:00:00,11.1,99,0.0,4.3,1009.4
2023-01-05 02:00:00,12.5,99,0.0,9.6,1010.3
2023-01-05 03:00:00,13.0,98,0.0,9.3,1010.4
2023-01-05 04:00:00,12.4,99,0.0,10.9,1010.9
2023-01-05 05:00:00,11.4,100,0.0,9.1,1011.4
2023-01-05 06:00:00,10.9,99,0.0,8.6,1012.1
2023-01-05 07:00:00,7.7,99,0.0,6.7,1013.6
2023-01-05 08:00:00,8.2,97,0.0,12.1,1013.9
2023-01-05 09:00:00,8.5,96,0.0,9.4,1014.8
2023-01-05 10:00:00,9.2,92,0.0,10.1,1015.7
2023-01-05 11:00:00,10.4,87,0.0,7.9,1015.5
2023-01-05 12:00:00,11.1,84,0.0,7.4,1014.4
2023-01-05 13:00:00,11.2,82,0.0,8.1,1014.2
2023-01-05 14:00:00,10.4,83,0.0,9.9,1013.3
2023-01-05 15:00:00,10.0,82,0.0,11.8,1013.1
2023-01-05 16:00:00,9.6,83,0.0,9.6,1013.4
2023-01-05 17:00:00,9.2,87,0.0,7.2,1013.7
2023-01-05 18:00:00,8.7,92,0.0,10.7,1013.4
2023-01-05 19:00:00,7.3,95,0.0,5.4,1014.8
2023-01-05 20:00:00,8.1,91,0.0,6.8,1014.6
2023-01-05 21:00:00,7.9,91,0.0,5.2,1015.0
2023-01-05 22:00:00,7.8,89,0.0,7.2,1014.9
2023-01-05 23:00:00,7.5,87,0.0,9.9,1015.0
2023-01-06 00:00:00,6.9,87,0.1,10.8,1014.6
2023-01-06 01:00:00,6.4,90,0.4,9.2,1014.6
2023-01-06 02:00:00,6.1,95,1.3,9.1,1014.8
2023-01-06 03:00:00,5.9,96,1.2,9.8,1014.9
2023-01-06 04:00:00,5.8,97,1.6,7.6,1014.8
2023-01-06 05:00:00,5.3,98,1.3,11.2,1014.4
2023-01-06 06:00:00,4.8,97,0.0,8.4,1014.3
2023-01-06 07:00:00,5.0,97,0.3,5.4,1014.9
2023-01-06 08:00:00,5.7,98,0.2,5.5,1015.3
2023-01-06 09:00:00,6.0,96,0.4,5.5,1015.2
2023-01-06 10:00:00,6.5,91,0.1,2.1,1015.9
2023-01-06 11:00:00,6.8,93,0.6,6.6,1015.7
2023-01-06 12:00:00,7.6,85,0.1,8.1,1014.9
2023-01-06 13:00:00,7.3,83,1.9,13.6,1014.7
2023-01-06 14:00:00,7.8,77,0.1,8.9,1014.4
2023-01-06 15:00:00,8.6,69,0.0,12.0,1014.4
2023-01-06 16:00:00,8.0,70,0.0,9.2,1014.8
2023-01-06 17:00:00,5.9,75,0.0,9.7,1015.8
2023-01-06 18:00:00,5.1,77,0.0,12.1,1016.6
2023-01-06 19:00:00,4.9,80,0.0,11.9,1018.0
2023-01-06 20:00:00,4.9,75,0.0,15.7,1018.9
2023-01-06 21:00:00,3.9,76,0.0,16.3,1019.5
2023-01-06 22:00:00,3.2,78,0.0,15.0,1019.7
2023-01-06 23:00:00,2.4,81,0.0,14.0,1020.3
2023-01-07 00:00:00,1.8,83,0.0,12.8,1020.1
2023-01-07 01:00:00,1.4,82,0.0,12.4,1020.1
2023-01-07 02:00:00,1.0,81,0.0,11.3,1020.1
2023-01-07 03:00:00,0.7,81,0.0,10.8,1019.9
2023-01-07 04:00:00,0.5,81,0.0,11.6,1019.9
2023-01-07 05:00:00,0.4,81,0.0,12.1,1020.1
2023-01-07 06:00:00,0.5,79,0.0,11.3,1020.4
2023-01-07 07:00:00,1.6,76,0.0,9.5,1020.7
2023-01-07 08:00:00,2.8,70,0.0,13.4,1020.9
2023-01-07 09:00:00,3.5,69,0.0,12.3,1021.3
2023-01-07 10:00:00,4.3,67,0.0,12.3,1021.7
2023-01-07 11:00:00,5.6,64,0.0,13.0,1021.1
2023-01-07 12:00:00,7.0,58,0.0,14.7,1020.0
2023-01-07 13:00:00,8.0,49,0.0,17.6,1019.4
2023-01-07 14:00:00,8.1,45,0.0,19.7,1019.2
2023-01-07 15:00:00,7.7,46,0.0,20.2,1019.4
2023-01-07 16:00:00,6.9,49,0.0,17.6,1019.9
2023-01-07 17:00:00,5.8,53,0.0,15.9,1020.8
2023-01-07 18:00:00,4.3,60,0.0,9.4,1021.6
2023-01-07 19:00:00,3.8,64,0.0,11.6,1022.7
2023-01-07 20:00:00,3.3,66,0.0,12.2,1023.3
2023-01-07 21:00:00,2.4,72,0.0,10.9,1023.7
2023-01-07 22:00:00,2.0,74,0.0,11.5,1024.1
2023-01-07 23:00:00,1.9,73,0.0,12.5,1024.4
2023-01-08 00:00:00,1.4,73,0.0,11.6,1024.5
2023-01-08 01:00:00,1.0,71,0.0,11.2,1024.9
2023-01-08 02:00:00,0.7,70,0.0,13.7,1025.3
2023-01-08 03:00:00,0.1,72,0.0,13.6,1026.0
2023-01-08 04:00:00,-0.6,72,0.0,11.3,1026.3
2023-01-08 05:00:00,-1.6,75,0.0,8.0,1026.8
2023-01-08 06:00:00,-2.4,80,0.0,6.8,1027.1
2023-01-08 07:00:00,-1.1,77,0.0,7.9,1027.0
2023-01-08 08:00:00,-0.7,75,0.0,5.9,1027.2
2023-01-08 09:00:00,0.7,65,0.0,7.4,1027.6
2023-01-08 10:00:00,1.7,60,0.0,8.6,1027.8
2023-01-08 11:00:00,2.6,59,0.0,6.3,1027.5
2023-01-08 12:00:00,3.4,57,0.0,5.6,1026.5
2023-01-08 13:00:00,3.9,55,0.0,1.8,1025.8
2023-01-08 14:00:00,4.1,52,0.0,7.2,1025.5
2023-01-08 15:00:00,3.8,51,0.0,8.7,1024.7
2023-01-08 16:00:00,3.0,57,0.0,8.0,1023.7
2023-01-08 17:00:00,1.3,67,0.0,7.6,1023.8
2023-01-08 18:00:00,1.1,76,0.0,9.2,1023.4
2023-01-08 19:00:00,1.6,78,0.0,9.1,1022.9
2023-01-08 20:00:00,0.8,86,0.0,7.3,1022.4
2023-01-08 21:00:00,1.4,87,0.0,9.4,1022.0
2023-01-08 22:00:00,1.4,85,0.0,10.5,1021.5
2023-01-08 23:00:00,1.5,83,0.0,8.6,1020.5
2023-01-09 00:00:00,2.1,81,0.0,9.6,1019.8
2023-01-09 01:00:00,2.3,81,0.0,7.9,1018.7
2023-01-09 02:00:00,2.3,83,0.1,6.9,1018.1
2023-01-09 03:00:00,1.9,89,0.5,5.8,1017.6
2023-01-09 04:00:00,1.7,95,0.3,3.3,1016.5
2023-01-09 05:00:00,1.5,96,0.5,3.4,1015.8
2023-01-09 06:00:00,1.6,94,0.1,3.3,1015.1
2023-01-09 07:00:00,1.9,95,0.0,1.6,1014.9
2023-01-09 08:00:00,1.6,96,0.0,5.0,1014.7
2023-01-09 09:00:00,2.6,93,0.0,7.6,1015.1
2023-01-09 10:00:00,3.2,90,0.0,6.8,1014.9
2023-01-09 11:00:00,4.6,70,0.0,12.4,1014.8
2023-01-09 12:00:00,5.8,62,0.0,13.7,1013.6
2023-01-09 13:00:00,6.7,56,0.0,16.5,1012.5
2023-01-09 14:00:00,7.1,52,0.0,17.7,1011.8
2023-01-09 15:00:00,7.0,51,0.0,17.9,1011.6
2023-01-09 16:00:00,5.9,55,0.0,14.9,1012.1
2023-01-09 17:00:00,3.8,59,0.0,12.3,1012.6
2023-01-09 18:00:00,2.4,64,0.0,11.4,1013.0
2023-01-09 19:00:00,1.5,65,0.0,10.7,1014.0
2023-01-09 20:00:00,1.0,65,0.0,8.6,1013.9
2023-01-09 21:00:00,0.6,69,0.0,9.4,1013.8
2023-01-09 22:00:00,0.8,71,0.0,11.9,1014.0
2023-01-09 23:00:00,1.1,69,0.0,14.6,1014.4
2023-01-10 00:00:00,0.8,69,0.0,12.7,1014.6
2023-01-10 01:00:00,0.2,71,0.0,11.2,1014.8
2023-01-10 02:00:00,0.1,71,0.0,11.4,1015.4
2023-01-10 03:00:00,-0.0,72,0.0,10.1,1016.1
2023-01-10 04:00:00,0.2,72,0.0,10.1,1015.9
2023-01-10 05:00:00,0.2,73,0.0,10.8,1016.5
2023-01-10 06:00:00,0.2,76,0.0,8.4,1016.6
2023-01-10 07:00:00,0.2,83,0.0,5.8,1017.0
2023-01-10 08:00:00,1.4,79,0.0,8.8,1017.4
2023-01-10 09:00:00,2.5,75,0.0,8.1,1017.8
2023-01-10 10:00:00,3.8,69,0.0,8.9,1018.0
2023-01-10 11:00:00,5.0,62,0.0,11.1,1017.7
2023-01-10 12:00:00,5.7,59,0.0,13.3,1016.9
2023-01-10 13:00:00,6.0,55,0.0,14.3,1016.7
2023-01-10 14:00:00,6.2,54,0.0,14.2,1016.4
2023-01-10 15:00:00,6.0,54,0.0,12.0,1016.5
2023-01-10 16:00:00,5.6,58,0.0,8.1,1016.8
2023-01-10 17:00:00,4.3,62,0.0,5.9,1017.3
2023-01-10 18:00:00,3.9,63,0.0,7.4,1017.9
2023-01-10 19:00:00,2.8,63,0.0,9.6,1018.5
2023-01-10 20:00:00,2.9,63,0.0,9.2,1018.9
2023-01-10 21:00:00,1.6,71,0.0,5.9,1019.3
2023-01-10 22:00:00,0.9,77,0.0,5.9,1019.8
2023-01-10 23:00:00,0.9,78,0.0,7.3,1020.3
2023-01-11 00:00:00,0.6,76,0.0,9.1,1020.7
2023-01-11 01:00:00,0.6,72,0.0,11.9,1021.0
2023-01-11 02:00:00,-0.5,78,0.0,11.9,1021.3
2023-01-11 03:00:00,-1.3,79,0.0,10.1,1021.8
2023-01-11 04:00:00,-1.2,77,0.0,11.7,1022.7
2023-01-11 05:00:00,-0.9,74,0.0,13.5,1022.7
2023-01-11 06:00:00,-1.1,73,0.0,13.8,1022.3
2023-01-11 07:00:00,-0.6,75,0.0,10.0,1023.1
2023-01-11 08:00:00,-0.4,76,0.0,8.7,1024.1
2023-01-11 09:00:00,0.6,71,0.0,9.4,1024.5
2023-01-11 10:00:00,1.7,66,0.0,9.2,1025.2
2023-01-11 11:00:00,2.6,62,0.0,10.2,1025.1
2023-01-11 12:00:00,3.4,56,0.0,8.5,1024.6
2023-01-11 13:00:00,3.6,54,0.0,9.0,1024.2
2023-01-11 14:00:00,3.8,54,0.0,9.4,1023.6
2023-01-11 15:00:00,3.6,54,0.0,8.0,1023.7
2023-01-11 16:00:00,3.1,56,0.0,7.0,1024.4
2023-01-11 17:00:00,1.7,64,0.0,6.7,1024.4
2023-01-11 18:00:00,1.0,67,0.0,7.1,1024.5
2023-01-11 19:00:00,0.7,70,0.0,9.9,1024.9
2023-01-11 20:00:00,0.7,71,0.0,10.1,1024.8
2023-01-11 21:00:00,0.2,76,0.0,8.4,1024.7
2023-01-11 22:00:00,-0.5,80,0.0,8.0,1025.1
2023-01-11 23:00:00,-0.6,82,0.0,8.3,1024.9
2023-01-12 00:00:00,-0.7,85,0.0,9.4,1024.6
2023-01-12 01:00:00,-0.6,88,0.0,9.8,1024.0
2023-01-12 02:00:00,0.0,88,0.0,9.6,1023.8
2023-01-12 03:00:00,0.0,89,0.0,9.7,1022.9
2023-01-12 04:00:00,0.1,90,0.0,8.2,1022.5
2023-01-12 05:00:00,0.9,89,0.0,10.5,1022.1
2023-01-12 06:00:00,2.7,85,0.1,11.5,1021.7
2023-01-12 07:00:00,2.8,94,0.1,8.6,1022.2
2023-01-12 08:00:00,3.7,94,0.4,9.9,1022.2
2023-01-12 09:00:00,4.6,95,0.3,13.0,1021.6
2023-01-12 10:00:00,5.6,96,0.4,12.1,1021.8
2023-01-12 11:00:00,6.7,96,0.2,12.6,1021.1
2023-01-12 12:00:00,6.9,94,0.1,12.3,1019.1
2023-01-12 13:00:00,8.9,87,0.0,16.0,1018.0
2023-01-12 14:00:00,9.3,83,0.0,19.2,1017.0
2023-01-12 15:00:00,9.2,83,0.0,20.5,1015.7
2023-01-12 16:00:00,9.5,82,0.0,21.0,1015.2
2023-01-12 17:00:00,9.0,88,0.2,20.4,1013.6
2023-01-12 18:00:00,8.7,93,2.3,16.3,1012.6
2023-01-12 19:00:00,8.6,95,0.3,16.4,1011.1
2023-01-12 20:00:00,9.4,97,6.1,7.1,1009.9
2023-01-12 21:00:00,9.2,97,0.6,6.6,1008.4
2023-01-12 22:00:00,9.6,94,0.8,10.5,1007.1
2023-01-12 23:00:00,10.6,95,0.2,15.5,1005.7
2023-01-13 00:00:00,10.7,94,0.0,15.5,1004.8
2023-01-13 01:00:00,12.1,86,0.0,27.1,1003.5
2023-01-13 02:00:00,11.7,92,0.2,26.3,1002.9
2023-01-13 03:00:00,11.7,91,0.1,26.1,1002.5
2023-01-13 04:00:00,11.2,94,0.2,21.6,1001.7
2023-01-13 05:00:00,11.4,89,0.0,22.0,1001.3
2023-01-13 06:00:00,11.1,87,0.0,23.9,1001.2
2023-01-13 07:00:00,10.1,94,0.1,17.1,1000.8
2023-01-13 08:00:00,11.1,92,0.4,17.1,1000.6
2023-01-13 09:00:00,10.8,94,0.2,15.3,1000.5
2023-01-13 10:00:00,11.9,91,0.0,20.1,1000.9
2023-01-13 11:00:00,12.4,87,0.0,18.4,1001.0
2023-01-13 12:00:00,12.2,84,0.1,17.4,1000.6
2023-01-13 13:00:00,12.6,79,0.0,17.1,1000.4
2023-01-13 14:00:00,9.5,70,0.1,26.7,1001.3
2023-01-13 15:00:00,8.0,67,0.0,21.6,1002.6
2023-01-13 16:00:00,6.9,60,0.0,22.4,1003.8
2023-01-13 17:00:00,5.6,59,0.0,23.2,1004.7
2023-01-13 18:00:00,4.3,61,0.0,21.2,1005.3
2023-01-13 19:00:00,3.6,64,0.0,18.2,1005.2
2023-01-13 20:00:00,3.8,60,0.0,20.6,1006.1
2023-01-13 21:00:00,3.4,59,0.0,21.7,1006.1
2023-01-13 22:00:00,3.0,58,0.0,22.4,1005.9
2023-01-13 23:00:00,2.8,59,0.0,21.1,1006.1
2023-01-14 00:00:00,2.5,59,0.0,21.0,1005.9
2023-01-14 01:00:00,2.4,59,0.0,22.8,1006.1
2023-01-14 02:00:00,1.9,60,0.0,24.4,1006.4
2023-01-14 03:00:00,1.6,60,0.0,23.8,1007.3
2023-01-14 04:00:00,1.3,60,0.0,24.6,1007.2
2023-01-14 05:00:00,1.0,58,0.0,23.6,1007.5
2023-01-14 06:00:00,0.8,57,0.0,23.7,1007.5
2023-01-14 07:00:00,0.7,58,0.0,23.4,1008.6
2023-01-14 08:00:00,0.8,58,0.0,21.8,1009.1
2023-01-14 09:00:00,0.7,57,0.0,20.6,1010.2
2023-01-14 10:00:00,0.6,56,0.0,21.8,1011.2
2023-01-14 11:00:00,0.5,55,0.0,23.9,1011.2
2023-01-14 12:00:00,0.4,55,0.0,24.4,1010.9
2023-01-14 13:00:00,0.7,55,0.0,23.7,1010.9
2023-01-14 14:00:00,0.8,54,0.0,24.8,1010.7
2023-01-14 15:00:00,0.8,54,0.0,25.7,1010.9
2023-01-14 16:00:00,0.8,53,0.0,25.6,1011.4
2023-01-14 17:00:00,0.6,52,0.0,25.3,1012.1
2023-01-14 18:00:00,0.7,52,0.0,23.9,1012.4
2023-01-14 19:00:00,0.4,52,0.0,25.4,1012.5
2023-01-14 20:00:00,-0.1,56,0.0,24.1,1012.2
2023-01-14 21:00:00,-0.2,57,0.0,26.3,1011.7
2023-01-14 22:00:00,-0.6,59,0.0,25.2,1013.4
2023-01-14 23:00:00,-1.3,61,0.0,31.3,1013.5
2023-01-15 00:00:00,-1.5,61,0.0,33.8,1012.9
2023-01-15 01:00:00,-1.4,60,0.0,31.2,1012.7
2023-01-15 02:00:00,-1.4,59,0.0,31.1,1013.3
2023-01-15 03:00:00,-1.6,61,0.0,32.1,1013.8
2023-01-15 04:00:00,-1.7,61,0.0,27.4,1014.7
2023-01-15 05:00:00,-1.8,61,0.0,29.5,1015.1
2023-01-15 06:00:00,-1.8,61,0.0,29.0,1015.5
2023-01-15 07:00:00,-1.3,59,0.0,27.1,1016.2
2023-01-15 08:00:00,-1.8,62,0.0,25.6,1016.7
2023-01-15 09:00:00,-0.6,60,0.0,27.4,1017.3
2023-01-15 10:00:00,0.5,57,0.0,30.2,1017.4
2023-01-15 11:00:00,1.7,54,0.0,29.1,1017.3
2023-01-15 12:00:00,2.9,50,0.0,28.5,1017.0
2023-01-15 13:00:00,4.1,47,0.0,27.6,1016.4
2023-01-15 14:00:00,4.8,42,0.0,28.0,1015.8
2023-01-15 15:00:00,5.0,39,0.0,27.3,1015.7
2023-01-15 16:00:00,4.3,37,0.0,27.6,1015.9
2023-01-15 17:00:00,3.0,35,0.0,24.9,1016.4
2023-01-15 18:00:00,2.1,33,0.0,25.2,1016.7
2023-01-15 19:00:00,1.4,35,0.0,25.6,1016.9
2023-01-15 20:00:00,0.8,35,0.0,28.1,1016.9
2023-01-15 21:00:00,-0.1,38,0.0,29.2,1016.6
2023-01-15 22:00:00,-0.6,41,0.0,27.4,1016.6
2023-01-15 23:00:00,-1.2,44,0.0,26.3,1016.7
2023-01-16 00:00:00,-1.7,44,0.0,25.6,1016.7
2023-01-16 01:00:00,-2.1,45,0.0,26.0,1016.6
2023-01-16 02:00:00,-2.3,45,0.0,24.9,1016.6
2023-01-16 03:00:00,-2.5,45,0.0,24.9,1016.6
2023-01-16 04:00:00,-2.4,46,0.0,22.0,1016.3
2023-01-16 05:00:00,-2.2,41,0.0,19.8,1016.1
2023-01-16 06:00:00,-2.3,42,0.0,15.6,1016.0
2023-01-16 07:00:00,-0.8,42,0.0,20.2,1015.4
2023-01-16 08:00:00,-0.7,42,0.0,17.7,1015.1
2023-01-16 09:00:00,0.4,41,0.0,14.6,1014.6
2023-01-16 10:00:00,1.8,38,0.0,14.2,1014.1
2023-01-16 11:00:00,3.3,38,0.0,11.7,1013.1
2023-01-16 12:00:00,5.0,36,0.0,10.2,1011.2
2023-01-16 13:00:00,6.7,34,0.0,11.2,1010.0
2023-01-16 14:00:00,7.8,33,0.0,13.3,1009.4
2023-01-16 15:00:00,8.1,32,0.0,11.9,1009.2
2023-01-16 16:00:00,7.0,40,0.0,8.6,1009.4
2023-01-16 17:00:00,3.1,48,0.0,9.9,1009.3
2023-01-16 18:00:00,0.7,61,0.0,9.6,1009.9
2023-01-16 19:00:00,2.4,37,0.0,17.1,1009.4
2023-01-16 20:00:00,2.4,37,0.0,17.0,1009.5
2023-01-16 21:00:00,2.2,39,0.0,14.8,1009.5
2023-01-16 22:00:00,1.7,41,0.0,15.3,1009.5
2023-01-16 23:00:00,1.1,47,0.0,13.3,1009.2
2023-01-17 00:00:00,0.3,54,0.0,9.7,1009.2
2023-01-17 01:00:00,-0.4,57,0.0,8.3,1008.9
2023-01-17 02:00:00,-0.6,53,0.0,9.4,1009.1
2023-01-17 03:00:00,-0.9,51,0.0,8.4,1009.4
2023-01-17 04:00:00,-1.3,52,0.0,8.5,1009.2
2023-01-17 05:00:00,-2.0,56,0.0,6.9,1008.6
2023-01-17 06:00:00,-2.1,60,0.0,6.5,1008.8
2023-01-17 07:00:00,-2.0,63,0.0,8.8,1008.2
2023-01-17 08:00:00,-0.3,59,0.0,7.1,1008.4
2023-01-17 09:00:00,1.1,59,0.0,4.3,1008.5
2023-01-17 10:00:00,3.0,47,0.0,0.7,1007.8
2023-01-17 11:00:00,4.5,43,0.0,2.5,1007.2
2023-01-17 12:00:00,4.9,45,0.0,7.0,1006.3
2023-01-17 13:00:00,6.0,46,0.0,6.8,1005.3
2023-01-17 14:00:00,6.9,46,0.0,7.3,1004.9
2023-01-17 15:00:00,7.3,45,0.0,9.1,1004.4
2023-01-17 16:00:00,7.0,46,0.0,9.3,1004.4
2023-01-17 17:00:00,5.3,57,0.5,12.6,1004.7
2023-01-17 18:00:00,4.6,70,0.9,10.1,1004.9
2023-01-17 19:00:00,3.6,73,0.0,10.1,1004.7
2023-01-17 20:00:00,4.7,73,0.0,11.2,1004.7
2023-01-17 21:00:00,3.5,79,0.0,7.4,1004.7
2023-01-17 22:00:00,3.5,81,0.0,10.0,1004.7
2023-01-17 23:00:00,3.1,85,0.0,9.0,1004.3
2023-01-18 00:00:00,3.7,86,0.0,12.4,1004.2
2023-01-18 01:00:00,3.1,91,0.0,9.7,1003.9
2023-01-18 02:00:00,2.8,93,0.7,11.7,1004.5
2023-01-18 03:00:00,3.9,95,0.7,14.9,1004.2
2023-01-18 04:00:00,4.1,95,0.0,17.7,1004.4
2023-01-18 05:00:00,4.3,96,0.0,17.8,1005.0
2023-01-18 06:00:00,4.8,95,0.0,19.1,1005.8
2023-01-18 07:00:00,6.6,87,0.0,14.8,1006.3
2023-01-18 08:00:00,7.1,86,0.1,14.9,1007.4
2023-01-18 09:00:00,7.6,86,0.2,14.3,1008.5
2023-01-18 10:00:00,9.3,80,0.0,17.0,1009.2
2023-01-18 11:00:00,10.3,66,0.0,23.7,1009.3
2023-01-18 12:00:00,10.7,59,0.0,25.1,1008.7
2023-01-18 13:00:00,10.4,58,0.0,25.5,1008.7
2023-01-18 14:00:00,10.4,57,0.0,25.1,1009.4
2023-01-18 15:00:00,10.1,58,0.0,23.3,1010.3
2023-01-18 16:00:00,9.4,60,0.0,18.3,1011.4
2023-01-18 17:00:00,7.8,65,0.0,13.5,1012.5
2023-01-18 18:00:00,7.2,67,0.0,14.1,1013.8
2023-01-18 19:00:00,6.2,69,0.0,14.7,1014.3
2023-01-18 20:00:00,6.1,69,0.0,12.8,1014.8
2023-01-18 21:00:00,4.5,77,0.0,8.1,1015.3
2023-01-18 22:00:00,3.7,82,0.0,7.0,1016.0
2023-01-18 23:00:00,3.1,85,0.0,8.2,1016.1
2023-01-19 00:00:00,2.6,87,0.0,7.6,1016.6
2023-01-19 01:00:00,3.2,86,0.0,7.0,1016.8
2023-01-19 02:00:00,2.7,88,0.0,6.9,1017.1
2023-01-19 03:00:00,2.7,88,0.0,7.5,1017.1
2023-01-19 04:00:00,2.3,88,0.0,8.1,1016.6
2023-01-19 05:00:00,3.0,86,0.0,11.6,1017.5
2023-01-19 06:00:00,2.8,87,0.0,6.4,1017.4
2023-01-19 07:00:00,3.0,88,0.0,5.6,1017.9
2023-01-19 08:00:00,3.9,85,0.3,4.5,1017.9
2023-01-19 09:00:00,4.2,92,1.1,3.9,1017.7
2023-01-19 10:00:00,4.1,95,2.8,12.7,1016.4
2023-01-19 11:00:00,4.2,96,1.1,7.9,1016.5
2023-01-19 12:00:00,4.5,95,0.6,4.6,1015.2
2023-01-19 13:00:00,4.7,96,0.7,8.8,1013.8
2023-01-19 14:00:00,5.1,96,0.4,13.3,1012.7
2023-01-19 15:00:00,5.2,96,1.5,13.5,1011.6
2023-01-19 16:00:00,5.2,96,3.0,14.3,1010.5
2023-01-19 17:00:00,5.2,97,0.8,14.9,1008.7
2023-01-19 18:00:00,5.5,97,0.4,14.9,1007.6
2023-01-19 19:00:00,3.8,98,0.7,10.5,1006.5
2023-01-19 20:00:00,4.5,98,0.9,12.8,1004.5
2023-01-19 21:00:00,4.2,99,4.6,16.3,1003.0
2023-01-19 22:00:00,4.1,98,4.6,16.2,1002.7
2023-01-19 23:00:00,4.3,98,0.6,15.3,1001.6
2023-01-20 00:00:00,4.3,97,0.0,13.4,1001.6
2023-01-20 01:00:00,4.1,97,0.0,10.2,1001.3
2023-01-20 02:00:00,3.5,97,0.0,6.9,1001.2
2023-01-20 03:00:00,3.5,97,0.0,11.3,1002.9
2023-01-20 04:00:00,3.6,97,0.0,2.5,1002.6
2023-01-20 05:00:00,1.8,100,0.0,6.9,1002.8
2023-01-20 06:00:00,3.0,97,0.0,9.7,1002.7
2023-01-20 07:00:00,1.7,95,0.0,13.3,1003.0
2023-01-20 08:00:00,5.1,83,0.0,21.4,1003.2
2023-01-20 09:00:00,6.1,79,0.0,22.9,1003.8
2023-01-20 10:00:00,7.9,69,0.0,22.4,1004.3
2023-01-20 11:00:00,8.9,60,0.0,29.3,1004.0
2023-01-20 12:00:00,8.7,60,0.0,30.7,1004.0
2023-01-20 13:00:00,8.0,63,0.0,28.8,1004.3
2023-01-20 14:00:00,7.7,64,0.0,26.8,1005.0
2023-01-20 15:00:00,8.1,60,0.0,27.9,1005.7
2023-01-20 16:00:00,7.5,62,0.0,22.8,1007.0
2023-01-20 17:00:00,6.7,65,0.0,19.9,1008.5
2023-01-20 18:00:00,6.3,67,0.0,19.0,1009.3
2023-01-20 19:00:00,4.6,74,0.0,13.5,1010.2
2023-01-20 20:00:00,4.7,70,0.0,16.3,1011.0
2023-01-20 21:00:00,4.1,70,0.0,15.3,1011.8
2023-01-20 22:00:00,3.4,74,0.0,12.8,1012.4
2023-01-20 23:00:00,3.7,75,0.1,11.4,1013.1
2023-01-21 00:00:00,4.0,77,0.1,11.7,1013.8
2023-01-21 01:00:00,3.1,83,0.0,10.3,1014.0
2023-01-21 02:00:00,2.9,79,0.0,14.3,1014.5
2023-01-21 03:00:00,2.2,72,0.0,19.4,1015.3
2023-01-21 04:00:00,1.1,72,0.0,17.3,1016.0
2023-01-21 05:00:00,0.5,74,0.0,16.8,1016.6
2023-01-21 06:00:00,-0.0,75,0.0,13.2,1017.4
2023-01-21 07:00:00,0.9,71,0.0,11.5,1018.5
2023-01-21 08:00:00,2.1,67,0.0,14.8,1019.4
2023-01-21 09:00:00,3.2,59,0.0,17.8,1020.2
2023-01-21 10:00:00,4.1,55,0.0,19.9,1021.0
2023-01-21 11:00:00,4.7,51,0.0,18.4,1021.4
2023-01-21 12:00:00,5.1,49,0.0,17.0,1021.0
2023-01-21 13:00:00,5.4,48,0.0,14.2,1020.7
2023-01-21 14:00:00,5.8,47,0.0,12.0,1020.5
2023-01-21 15:00:00,6.0,46,0.0,9.7,1020.7
2023-01-21 16:00:00,5.7,47,0.0,7.9,1021.1
2023-01-21 17:00:00,3.5,60,0.0,6.9,1021.8
2023-01-21 18:00:00,3.0,63,0.0,7.6,1022.1
2023-01-21 19:00:00,0.5,70,0.0,8.0,1023.4
2023-01-21 20:00:00,0.0,73,0.0,7.2,1023.9
2023-01-21 21:00:00,-1.4,82,0.0,8.1,1023.7
2023-01-21 22:00:00,-2.0,84,0.0,7.7,1023.8
2023-01-21 23:00:00,-2.4,86,0.0,7.4,1023.7
2023-01-22 00:00:00,-2.9,87,0.0,8.4,1023.6
2023-01-22 01:00:00,-3.1,87,0.0,8.0,1023.3
2023-01-22 02:00:00,-2.9,87,0.0,7.7,1023.9
2023-01-22 03:00:00,-1.8,84,0.0,5.4,1024.4
2023-01-22 04:00:00,-3.5,91,0.0,7.4,1023.5
2023-01-22 05:00:00,-3.5,94,0.0,7.4,1023.1
2023-01-22 06:00:00,-1.3,96,0.0,4.6,1023.2
2023-01-22 07:00:00,-1.3,89,0.0,6.6,1022.6
2023-01-22 08:00:00,0.5,85,0.0,3.3,1022.2
2023-01-22 09:00:00,2.3,79,0.0,6.2,1023.0
2023-01-22 10:00:00,3.5,62,0.0,10.2,1022.1
2023-01-22 11:00:00,4.3,57,0.0,12.3,1021.6
2023-01-22 12:00:00,5.1,58,0.0,15.8,1020.7
2023-01-22 13:00:00,5.3,60,0.0,14.7,1019.7
2023-01-22 14:00:00,5.4,60,0.0,14.3,1018.4
2023-01-22 15:00:00,5.5,62,0.0,15.6,1017.7
2023-01-22 16:00:00,5.4,63,0.0,8.2,1016.8
2023-01-22 17:00:00,4.9,68,0.0,5.0,1015.3
2023-01-22 18:00:00,4.4,74,0.1,3.4,1014.8
2023-01-22 19:00:00,1.7,95,0.6,10.8,1014.8
2023-01-22 20:00:00,2.0,97,1.7,13.4,1013.6
2023-01-22 21:00:00,2.0,98,1.6,13.8,1011.7
2023-01-22 22:00:00,2.1,98,1.4,14.9,1010.5
2023-01-22 23:00:00,2.1,98,2.5,18.1,1008.4
2023-01-23 00:00:00,2.2,98,1.7,19.1,1006.8
2023-01-23 01:00:00,2.2,98,2.2,20.6,1004.7
2023-01-23 02:00:00,2.5,97,1.6,21.7,1003.3
2023-01-23 03:00:00,2.8,96,0.8,21.1,1002.0
2023-01-23 04:00:00,2.9,97,0.3,21.3,1000.7
2023-01-23 05:00:00,2.9,93,0.3,22.9,1000.5
2023-01-23 06:00:00,2.7,95,0.5,21.6,999.4
2023-01-23 07:00:00,2.2,94,1.4,16.9,999.9
2023-01-23 08:00:00,2.5,95,0.6,12.8,1000.3
2023-01-23 09:00:00,2.6,95,0.7,15.5,1001.0
2023-01-23 10:00:00,2.8,91,0.1,17.2,1001.3
2023-01-23 11:00:00,2.1,99,0.5,17.5,1001.6
2023-01-23 12:00:00,2.4,97,0.6,15.3,1001.3
2023-01-23 13:00:00,2.9,98,0.8,19.9,1002.0
2023-01-23 14:00:00,2.0,98,1.3,17.6,1002.7
2023-01-23 15:00:00,2.8,91,0.6,19.6,1004.2
2023-01-23 16:00:00,2.9,83,0.2,25.0,1005.4
2023-01-23 17:00:00,2.5,84,0.1,24.9,1006.9
2023-01-23 18:00:00,2.5,80,0.1,24.1,1008.4
2023-01-23 19:00:00,2.0,75,0.0,23.9,1009.9
2023-01-23 20:00:00,1.7,73,0.0,22.8,1011.3
2023-01-23 21:00:00,1.3,73,0.0,20.8,1012.6
2023-01-23 22:00:00,1.1,70,0.0,20.0,1013.8
2023-01-23 23:00:00,0.3,70,0.0,20.8,1014.8
2023-01-24 00:00:00,-0.1,70,0.0,18.0,1015.4
2023-01-24 01:00:00,-0.6,71,0.0,13.4,1015.8
2023-01-24 02:00:00,-0.8,71,0.0,12.3,1016.6
2023-01-24 03:00:00,-1.1,74,0.0,11.4,1017.0
2023-01-24 04:00:00,-1.1,75,0.0,13.0,1017.5
2023-01-24 05:00:00,-1.2,79,0.0,11.8,1017.7
2023-01-24 06:00:00,-1.2,79,0.0,13.6,1018.3
2023-01-24 07:00:00,-0.4,77,0.0,11.5,1018.6
2023-01-24 08:00:00,0.6,71,0.0,15.0,1019.2
2023-01-24 09:00:00,1.7,68,0.0,14.0,1020.0
2023-01-24 10:00:00,3.6,57,0.0,18.5,1020.4
2023-01-24 11:00:00,5.0,51,0.0,19.8,1020.1
2023-01-24 12:00:00,6.3,47,0.0,22.1,1019.3
2023-01-24 13:00:00,7.6,47,0.0,27.7,1019.1
2023-01-24 14:00:00,7.6,47,0.0,26.4,1019.1
2023-01-24 15:00:00,7.0,49,0.0,24.3,1019.5
2023-01-24 16:00:00,5.8,53,0.0,22.0,1020.7
2023-01-24 17:00:00,4.0,57,0.0,15.9,1021.3
2023-01-24 18:00:00,2.7,63,0.0,10.9,1022.6
2023-01-24 19:00:00,1.7,65,0.0,7.6,1024.2
2023-01-24 20:00:00,2.5,63,0.0,10.2,1024.7
2023-01-24 21:00:00,2.3,63,0.0,10.1,1025.5
2023-01-24 22:00:00,0.8,72,0.0,7.7,1026.2
2023-01-24 23:00:00,0.0,75,0.0,8.8,1026.1
2023-01-25 00:00:00,-0.6,78,0.0,8.4,1025.8
2023-01-25 01:00:00,-1.4,82,0.0,6.8,1025.8
2023-01-25 02:00:00,-1.5,84,0.0,7.0,1026.2
2023-01-25 03:00:00,-1.7,85,0.0,7.0,1026.2
2023-01-25 04:00:00,-2.2,87,0.0,6.0,1026.1
2023-01-25 05:00:00,-2.5,89,0.0,7.0,1026.9
2023-01-25 06:00:00,-1.5,88,0.0,5.1,1026.8
2023-01-25 07:00:00,-0.0,79,0.0,3.4,1026.7
2023-01-25 08:00:00,0.1,77,0.0,6.8,1025.6
2023-01-25 09:00:00,0.5,77,0.0,2.7,1026.3
2023-01-25 10:00:00,1.3,74,0.0,5.9,1026.2
2023-01-25 11:00:00,2.4,69,0.0,6.0,1025.9
2023-01-25 12:00:00,3.4,67,0.0,11.6,1024.6
2023-01-25 13:00:00,3.3,76,0.4,14.2,1023.0
2023-01-25 14:00:00,2.4,95,1.1,15.5,1020.9
2023-01-25 15:00:00,2.0,98,1.0,17.2,1019.0
2023-01-25 16:00:00,2.5,95,0.9,18.1,1016.5
2023-01-25 17:00:00,3.9,92,0.4,23.8,1014.7
2023-01-25 18:00:00,5.9,92,0.7,28.0,1012.7
2023-01-25 19:00:00,6.0,95,1.2,31.9,1010.2
2023-01-25 20:00:00,8.2,96,8.9,35.9,1007.2
2023-01-25 21:00:00,10.0,96,2.9,44.7,1004.1
2023-01-25 22:00:00,10.5,96,2.5,38.5,1002.4
2023-01-25 23:00:00,11.3,95,1.6,33.5,1000.3
2023-01-26 00:00:00,11.8,95,1.2,29.9,999.3
2023-01-26 01:00:00,11.2,97,5.3,11.2,999.0
2023-01-26 02:00:00,10.0,99,4.7,7.2,998.0
2023-01-26 03:00:00,10.0,99,0.7,13.7,997.8
2023-01-26 04:00:00,9.5,93,0.1,21.0,997.5
2023-01-26 05:00:00,7.9,94,0.8,22.7,997.7
2023-01-26 06:00:00,7.2,90,0.1,23.9,998.3
2023-01-26 07:00:00,6.1,90,0.0,21.2,999.2
2023-01-26 08:00:00,5.5,81,0.0,25.8,1000.6
2023-01-26 09:00:00,6.1,73,0.0,26.8,1001.5
2023-01-26 10:00:00,7.1,58,0.0,31.8,1002.3
2023-01-26 11:00:00,7.5,53,0.0,33.2,1002.7
2023-01-26 12:00:00,7.4,51,0.0,32.9,1002.7
2023-01-26 13:00:00,7.8,47,0.0,36.0,1002.8
2023-01-26 14:00:00,7.8,46,0.0,34.9,1003.4
2023-01-26 15:00:00,7.7,43,0.0,33.9,1004.4
2023-01-26 16:00:00,7.1,45,0.0,29.9,1005.6
2023-01-26 17:00:00,6.0,47,0.0,25.9,1007.1
2023-01-26 18:00:00,5.2,49,0.0,25.2,1008.6
2023-01-26 19:00:00,5.0,51,0.0,19.6,1009.7
2023-01-26 20:00:00,4.9,52,0.0,18.9,1010.6
2023-01-26 21:00:00,3.8,56,0.0,18.3,1011.5
2023-01-26 22:00:00,2.8,62,0.0,16.2,1012.0
2023-01-26 23:00:00,2.3,64,0.0,16.9,1012.6
2023-01-27 00:00:00,1.9,66,0.0,16.9,1013.5
2023-01-27 01:00:00,1.5,68,0.0,16.0,1014.4
2023-01-27 02:00:00,0.9,72,0.0,13.8,1015.2
2023-01-27 03:00:00,0.3,77,0.0,12.4,1015.9
2023-01-27 04:00:00,-0.4,83,0.0,10.1,1016.2
2023-01-27 05:00:00,-1.1,87,0.0,8.3,1016.7
2023-01-27 06:00:00,-1.7,89,0.0,7.2,1017.5
2023-01-27 07:00:00,-0.4,81,0.0,8.4,1018.0
2023-01-27 08:00:00,0.2,79,0.0,9.7,1018.9
2023-01-27 09:00:00,1.8,73,0.0,7.9,1019.7
2023-01-27 10:00:00,3.8,65,0.0,9.2,1020.2
2023-01-27 11:00:00,4.9,54,0.0,13.0,1020.1
2023-01-27 12:00:00,5.3,49,0.0,15.3,1019.2
2023-01-27 13:00:00,6.0,45,0.0,17.3,1018.5
2023-01-27 14:00:00,6.0,42,0.0,18.8,1018.4
2023-01-27 15:00:00,5.5,42,0.0,19.2,1019.1
2023-01-27 16:00:00,4.8,45,0.0,17.3,1019.4
2023-01-27 17:00:00,3.7,49,0.0,13.2,1020.3
2023-01-27 18:00:00,2.2,57,0.0,11.2,1021.0
2023-01-27 19:00:00,0.9,69,0.0,8.8,1021.5
2023-01-27 20:00:00,0.9,69,0.0,8.0,1022.3
2023-01-27 21:00:00,0.7,69,0.0,9.7,1022.9
2023-01-27 22:00:00,-0.2,72,0.0,8.0,1022.8
2023-01-27 23:00:00,-0.9,79,0.0,8.1,1022.3
2023-01-28 00:00:00,-0.8,82,0.0,8.4,1022.0
2023-01-28 01:00:00,-0.9,81,0.0,10.8,1021.7
2023-01-28 02:00:00,-0.8,76,0.0,12.4,1022.2
2023-01-28 03:00:00,-0.4,70,0.0,15.8,1022.2
2023-01-28 04:00:00,0.5,65,0.0,17.9,1022.1
2023-01-28 05:00:00,0.9,66,0.0,17.2,1022.2
2023-01-28 06:00:00,0.2,72,0.0,15.1,1022.2
2023-01-28 07:00:00,0.6,73,0.0,12.8,1022.4
2023-01-28 08:00:00,1.5,69,0.0,15.8,1023.1
2023-01-28 09:00:00,3.1,65,0.0,14.5,1023.8
2023-01-28 10:00:00,5.6,57,0.0,17.1,1024.3
2023-01-28 11:00:00,8.3,50,0.0,18.7,1024.3
2023-01-28 12:00:00,10.1,44,0.0,23.5,1023.6
2023-01-28 13:00:00,10.7,40,0.0,23.8,1023.3
2023-01-28 14:00:00,10.8,39,0.0,21.0,1023.3
2023-01-28 15:00:00,10.4,42,0.0,18.2,1023.9
2023-01-28 16:00:00,9.4,47,0.0,15.3,1024.7
2023-01-28 17:00:00,8.0,51,0.0,12.0,1025.1
2023-01-28 18:00:00,5.6,60,0.0,8.7,1025.4
2023-01-28 19:00:00,5.2,62,0.0,8.9,1026.3
2023-01-28 20:00:00,5.6,62,0.0,10.4,1026.5
2023-01-28 21:00:00,5.5,65,0.0,12.0,1026.8
2023-01-28 22:00:00,4.3,70,0.0,10.0,1027.0
2023-01-28 23:00:00,3.5,74,0.0,9.2,1027.1
2023-01-29 00:00:00,2.9,78,0.0,8.5,1026.8
2023-01-29 01:00:00,1.4,85,0.0,8.9,1026.7
2023-01-29 02:00:00,0.8,87,0.0,10.0,1026.7
2023-01-29 03:00:00,0.3,88,0.0,11.0,1026.6
2023-01-29 04:00:00,1.6,84,0.0,8.4,1026.3
2023-01-29 05:00:00,1.8,84,0.0,7.6,1026.2
2023-01-29 06:00:00,0.0,90,0.0,10.9,1026.0
2023-01-29 07:00:00,1.5,88,0.0,10.1,1025.6
2023-01-29 08:00:00,2.7,85,0.0,6.3,1025.4
2023-01-29 09:00:00,5.1,76,0.0,10.4,1025.6
2023-01-29 10:00:00,7.1,68,0.0,10.2,1024.8
2023-01-29 11:00:00,8.5,62,0.0,14.1,1023.9
2023-01-29 12:00:00,10.1,56,0.0,18.8,1022.3
2023-01-29 13:00:00,10.1,54,0.0,22.5,1021.0
2023-01-29 14:00:00,10.4,53,0.0,21.9,1020.0
2023-01-29 15:00:00,9.9,54,0.0,19.8,1019.9
2023-01-29 16:00:00,9.4,57,0.0,17.8,1020.0
2023-01-29 17:00:00,9.0,59,0.0,18.4,1020.0
2023-01-29 18:00:00,8.2,64,0.0,17.6,1020.2
2023-01-29 19:00:00,6.8,70,0.0,12.5,1020.5
2023-01-29 20:00:00,7.3,70,0.0,14.8,1020.3
2023-01-29 21:00:00,7.2,73,0.0,15.7,1021.2
2023-01-29 22:00:00,6.0,80,0.0,13.4,1021.3
2023-01-29 23:00:00,5.1,86,0.0,12.3,1021.1
2023-01-30 00:00:00,4.6,89,0.0,12.8,1021.5
2023-01-30 01:00:00,4.1,91,0.0,12.0,1021.5
2023-01-30 02:00:00,3.9,91,0.0,11.9,1021.7
2023-01-30 03:00:00,3.8,91,0.0,9.9,1021.3
2023-01-30 04:00:00,3.4,92,0.0,8.8,1021.6
2023-01-30 05:00:00,3.1,93,0.0,8.3,1021.9
2023-01-30 06:00:00,2.6,94,0.0,7.1,1022.1
2023-01-30 07:00:00,2.3,94,0.0,7.6,1022.1
2023-01-30 08:00:00,3.2,94,0.0,1.9,1022.1
2023-01-30 09:00:00,4.7,88,0.0,6.0,1023.0
2023-01-30 10:00:00,6.3,83,0.0,4.1,1023.0
2023-01-30 11:00:00,8.3,75,0.0,4.3,1022.4
2023-01-30 12:00:00,9.8,69,0.0,6.8,1021.9
2023-01-30 13:00:00,10.7,62,0.0,9.7,1020.4
2023-01-30 14:00:00,11.6,58,0.0,9.8,1019.4
2023-01-30 15:00:00,11.0,62,0.0,12.0,1018.7
2023-01-30 16:00:00,9.1,72,0.0,13.2,1018.9
2023-01-30 17:00:00,6.7,81,0.0,10.2,1019.0
2023-01-30 18:00:00,5.4,90,0.0,9.4,1018.9
2023-01-30 19:00:00,6.1,87,0.0,8.5,1019.2
2023-01-30 20:00:00,6.2,84,0.0,9.7,1018.8
2023-01-30 21:00:00,6.3,82,0.0,9.7,1018.8
2023-01-30 22:00:00,6.2,83,0.0,10.9,1018.9
2023-01-30 23:00:00,6.2,84,0.0,10.9,1018.6
2023-01-31 00:00:00,6.1,85,0.0,9.4,1018.1
2023-01-31 01:00:00,5.7,88,0.0,8.3,1018.0
2023-01-31 02:00:00,6.4,85,0.1,8.9,1018.6
2023-01-31 03:00:00,5.3,87,0.0,19.1,1018.8
2023-01-31 04:00:00,3.5,87,0.2,14.9,1019.6
2023-01-31 05:00:00,2.5,97,0.7,18.1,1020.6
2023-01-31 06:00:00,2.0,97,0.3,13.1,1021.1
2023-01-31 07:00:00,2.0,97,0.1,10.9,1021.8
2023-01-31 08:00:00,1.4,99,0.8,8.9,1022.9
2023-01-31 09:00:00,1.7,88,0.2,9.9,1023.5
2023-01-31 10:00:00,2.1,80,0.1,13.1,1024.0
2023-01-31 11:00:00,3.2,68,0.0,17.1,1024.3
2023-01-31 12:00:00,3.3,62,0.0,13.3,1023.3
2023-01-31 13:00:00,3.6,53,0.0,11.5,1022.4
2023-01-31 14:00:00,4.1,47,0.0,11.3,1021.8
2023-01-31 15:00:00,4.3,41,0.0,13.4,1022.0
2023-01-31 16:00:00,3.7,36,0.0,13.5,1022.5
2023-01-31 17:00:00,3.1,38,0.0,10.9,1022.8
2023-01-31 18:00:00,2.7,39,0.0,10.2,1023.1
2023-01-31 19:00:00,2.2,41,0.0,6.6,1023.4
2023-01-31 20:00:00,2.0,44,0.0,7.7,1023.5
2023-01-31 21:00:00,1.5,48,0.0,12.1,1023.9
2023-01-31 22:00:00,0.4,53,0.0,16.1,1024.0
2023-01-31 23:00:00,-0.2,53,0.0,15.0,1024.0
2023-02-01 00:00:00,-0.9,53,0.0,15.8,1023.3
2023-02-01 01:00:00,-1.4,52,0.0,15.4,1023.2
2023-02-01 02:00:00,-1.7,52,0.0,14.5,1022.8
2023-02-01 03:00:00,-2.1,53,0.1,16.0,1023.1
2023-02-01 04:00:00,-2.6,59,0.3,16.5,1023.4
2023-02-01 05:00:00,-3.2,68,0.6,13.4,1024.1
2023-02-01 06:00:00,-3.4,72,0.5,12.2,1024.2
2023-02-01 07:00:00,-2.9,66,0.1,9.6,1024.7
2023-02-01 08:00:00,-2.8,66,0.0,8.8,1025.3
2023-02-01 09:00:00,-1.9,63,0.0,8.2,1025.7
2023-02-01 10:00:00,-0.9,59,0.0,7.9,1026.1
2023-02-01 11:00:00,0.3,55,0.0,7.3,1025.8
2023-02-01 12:00:00,1.6,50,0.0,11.5,1025.2
2023-02-01 13:00:00,2.5,46,0.0,13.3,1024.0
2023-02-01 14:00:00,2.9,41,0.0,12.6,1023.2
2023-02-01 15:00:00,3.1,40,0.0,12.3,1022.9
2023-02-01 16:00:00,2.9,39,0.0,12.4,1023.1
2023-02-01 17:00:00,1.4,46,0.0,6.8,1023.7
2023-02-01 18:00:00,-0.4,56,0.0,7.6,1024.4
2023-02-01 19:00:00,-1.0,54,0.0,8.2,1025.0
2023-02-01 20:00:00,-1.7,48,0.0,8.6,1025.7
2023-02-01 21:00:00,-2.5,49,0.0,6.9,1025.9
2023-02-01 22:00:00,-2.9,58,0.0,7.4,1026.0
2023-02-01 23:00:00,-3.6,67,0.0,6.7,1025.9
2023-02-02 00:00:00,-3.7,68,0.0,5.9,1026.4
2023-02-02 01:00:00,-4.3,72,0.0,7.4,1025.8
2023-02-02 02:00:00,-4.4,70,0.0,7.3,1025.5
2023-02-02 03:00:00,-4.5,72,0.0,6.4,1025.3
2023-02-02 04:00:00,-2.6,59,0.0,3.1,1025.0
2023-02-02 05:00:00,-2.5,59,0.0,2.3,1024.7
2023-02-02 06:00:00,-2.4,60,0.0,2.7,1024.6
2023-02-02 07:00:00,-1.9,58,0.0,0.5,1024.6
2023-02-02 08:00:00,-2.0,61,0.0,0.7,1024.5
2023-02-02 09:00:00,-0.7,60,0.0,4.0,1024.6
2023-02-02 10:00:00,0.7,52,0.0,9.7,1024.0
2023-02-02 11:00:00,1.7,39,0.0,14.7,1023.4
2023-02-02 12:00:00,2.4,38,0.0,15.9,1021.3
2023-02-02 13:00:00,3.0,38,0.0,17.4,1019.0
2023-02-02 14:00:00,3.6,37,0.0,17.7,1017.0
2023-02-02 15:00:00,4.0,35,0.0,19.1,1016.5
2023-02-02 16:00:00,3.7,37,0.0,18.1,1015.3
2023-02-02 17:00:00,2.3,45,0.0,14.0,1014.6
2023-02-02 18:00:00,1.5,53,0.0,15.0,1014.8
2023-02-02 19:00:00,0.8,54,0.0,13.5,1013.8
2023-02-02 20:00:00,0.4,58,0.0,13.0,1012.9
2023-02-02 21:00:00,0.1,62,0.0,14.5,1012.3
2023-02-02 22:00:00,0.2,61,0.0,18.9,1011.7
2023-02-02 23:00:00,0.2,64,0.0,20.3,1010.8
2023-02-03 00:00:00,-0.2,69,0.0,21.1,1010.3
2023-02-03 01:00:00,-0.3,70,0.0,20.9,1009.7
2023-02-03 02:00:00,-0.4,66,0.0,19.8,1009.0
2023-02-03 03:00:00,0.1,54,0.0,19.8,1008.6
2023-02-03 04:00:00,-0.1,50,0.0,20.1,1008.8
2023-02-03 05:00:00,-1.0,52,0.0,25.2,1010.5
2023-02-03 06:00:00,-2.7,53,0.0,22.9,1011.4
2023-02-03 07:00:00,-3.2,40,0.0,32.0,1012.9
2023-02-03 08:00:00,-4.5,45,0.0,27.9,1014.5
2023-02-03 09:00:00,-4.5,46,0.0,26.5,1015.7
2023-02-03 10:00:00,-4.7,37,0.0,30.8,1016.8
2023-02-03 11:00:00,-4.8,35,0.0,34.3,1017.1
2023-02-03 12:00:00,-4.5,32,0.0,36.7,1017.5
2023-02-03 13:00:00,-4.6,30,0.0,38.7,1017.0
2023-02-03 14:00:00,-4.9,29,0.0,38.8,1017.5
2023-02-03 15:00:00,-5.4,28,0.0,38.3,1018.4
2023-02-03 16:00:00,-6.5,29,0.0,36.9,1019.8
2023-02-03 17:00:00,-7.4,26,0.0,35.6,1021.1
2023-02-03 18:00:00,-9.0,28,0.0,33.1,1023.2
2023-02-03 19:00:00,-9.4,31,0.0,36.5,1024.8
2023-02-03 20:00:00,-9.9,33,0.0,29.8,1025.6
2023-02-03 21:00:00,-10.3,33,0.0,40.3,1026.6
2023-02-03 22:00:00,-10.8,32,0.0,42.2,1027.3
2023-02-03 23:00:00,-11.2,39,0.0,35.5,1028.4
2023-02-04 00:00:00,-11.4,33,0.0,39.5,1029.5
2023-02-04 01:00:00,-12.7,37,0.0,39.8,1031.6
2023-02-04 02:00:00,-14.0,41,0.0,27.9,1032.9
2023-02-04 03:00:00,-15.4,39,0.0,27.2,1034.1
2023-02-04 04:00:00,-16.2,38,0.0,24.6,1034.6
2023-02-04 05:00:00,-16.6,38,0.0,22.8,1035.4
2023-02-04 06:00:00,-16.5,38,0.0,22.4,1036.4
2023-02-04 07:00:00,-14.6,39,0.0,21.1,1037.4
2023-02-04 08:00:00,-14.3,39,0.0,21.3,1038.5
2023-02-04 09:00:00,-13.0,36,0.0,20.3,1038.9
2023-02-04 10:00:00,-11.3,31,0.0,17.7,1039.1
2023-02-04 11:00:00,-9.5,27,0.0,14.8,1038.2
2023-02-04 12:00:00,-7.8,23,0.0,12.2,1036.8
2023-02-04 13:00:00,-6.4,21,0.0,8.7,1035.4
2023-02-04 14:00:00,-5.2,19,0.0,7.3,1034.1
2023-02-04 15:00:00,-4.3,21,0.0,11.6,1033.2
2023-02-04 16:00:00,-4.0,22,0.0,15.3,1032.8
2023-02-04 17:00:00,-4.2,28,0.0,14.1,1032.6
2023-02-04 18:00:00,-4.4,41,0.0,14.9,1032.5
2023-02-04 19:00:00,-4.8,42,0.0,14.6,1032.7
2023-02-04 20:00:00,-4.8,43,0.0,14.8,1032.0
2023-02-04 21:00:00,-4.6,47,0.0,18.7,1031.9
2023-02-04 22:00:00,-5.0,53,0.0,18.3,1031.8
2023-02-04 23:00:00,-4.8,62,0.0,16.3,1031.2
2023-02-05 00:00:00,-4.5,66,0.0,16.9,1030.3
2023-02-05 01:00:00,-4.0,65,0.0,16.4,1029.3
2023-02-05 02:00:00,-3.4,64,0.0,15.8,1028.6
2023-02-05 03:00:00,-2.9,63,0.0,15.8,1027.6
2023-02-05 04:00:00,-2.4,65,0.0,15.0,1026.6
2023-02-05 05:00:00,-2.4,68,0.0,14.4,1026.2
2023-02-05 06:00:00,-2.3,70,0.0,14.1,1025.6
2023-02-05 07:00:00,-2.5,67,0.0,14.1,1025.7
2023-02-05 08:00:00,-1.6,63,0.0,14.5,1025.2
2023-02-05 09:00:00,-0.1,53,0.0,15.2,1024.8
2023-02-05 10:00:00,1.7,45,0.0,16.0,1024.5
2023-02-05 11:00:00,3.9,39,0.0,14.8,1023.4
2023-02-05 12:00:00,5.8,36,0.0,13.7,1021.5
2023-02-05 13:00:00,7.2,33,0.0,16.9,1019.9
2023-02-05 14:00:00,8.5,30,0.0,19.1,1018.7
2023-02-05 15:00:00,9.0,30,0.0,17.4,1018.1
2023-02-05 16:00:00,8.1,35,0.0,15.1,1017.5
2023-02-05 17:00:00,5.9,44,0.0,15.3,1017.4
2023-02-05 18:00:00,4.7,52,0.0,17.9,1017.3
2023-02-05 19:00:00,1.2,65,0.0,12.7,1017.1
2023-02-05 20:00:00,2.0,65,0.0,8.7,1017.0
2023-02-05 21:00:00,1.4,71,0.0,8.6,1017.0
2023-02-05 22:00:00,1.7,71,0.0,8.4,1016.7
2023-02-05 23:00:00,1.9,74,0.0,8.7,1016.7
2023-02-06 00:00:00,2.1,77,0.0,10.1,1016.3
2023-02-06 01:00:00,2.2,78,0.0,10.9,1015.8
2023-02-06 02:00:00,1.8,79,0.0,9.9,1014.7
2023-02-06 03:00:00,-1.0,86,0.0,11.5,1014.4
2023-02-06 04:00:00,0.1,81,0.0,8.0,1014.0
2023-02-06 05:00:00,0.3,79,0.0,6.4,1013.8
2023-02-06 06:00:00,-1.1,86,0.0,6.4,1014.1
2023-02-06 07:00:00,0.3,81,0.0,9.1,1014.6
2023-02-06 08:00:00,2.1,74,0.0,14.2,1014.9
2023-02-06 09:00:00,4.7,68,0.0,17.2,1015.2
2023-02-06 10:00:00,8.0,66,0.0,19.1,1015.6
2023-02-06 11:00:00,9.3,54,0.0,25.2,1016.2
2023-02-06 12:00:00,9.6,54,0.0,25.9,1015.8
2023-02-06 13:00:00,10.1,51,0.0,27.0,1015.3
2023-02-06 14:00:00,9.8,50,0.0,28.4,1015.1
2023-02-06 15:00:00,9.4,50,0.0,29.2,1015.9
2023-02-06 16:00:00,8.4,53,0.0,24.6,1016.5
2023-02-06 17:00:00,6.6,58,0.0,26.1,1018.1
2023-02-06 18:00:00,5.0,64,0.0,24.9,1019.6
2023-02-06 19:00:00,3.2,70,0.0,13.6,1020.9
2023-02-06 20:00:00,2.0,77,0.0,9.8,1021.9
2023-02-06 21:00:00,1.2,81,0.0,13.1,1022.4
2023-02-06 22:00:00,0.5,81,0.0,15.8,1023.5
2023-02-06 23:00:00,-0.5,80,0.0,14.8,1024.1
2023-02-07 00:00:00,-1.3,77,0.0,15.5,1025.1
2023-02-07 01:00:00,-1.9,76,0.0,15.5,1026.0
2023-02-07 02:00:00,-2.5,76,0.0,13.6,1026.1
2023-02-07 03:00:00,-3.0,74,0.0,13.9,1026.1
2023-02-07 04:00:00,-3.6,71,0.0,12.6,1026.5
2023-02-07 05:00:00,-3.9,68,0.0,13.0,1027.3
2023-02-07 06:00:00,-4.2,65,0.0,10.9,1027.6
2023-02-07 07:00:00,-3.8,64,0.0,10.4,1028.8
2023-02-07 08:00:00,-3.3,63,0.0,9.7,1029.2
2023-02-07 09:00:00,-1.7,60,0.0,7.2,1029.1
2023-02-07 10:00:00,0.2,56,0.0,5.6,1028.8
2023-02-07 11:00:00,1.8,55,0.0,4.6,1028.9
2023-02-07 12:00:00,3.0,53,0.0,11.5,1028.3
2023-02-07 13:00:00,3.1,59,0.0,15.2,1026.7
2023-02-07 14:00:00,3.2,65,0.0,17.9,1024.9
2023-02-07 15:00:00,3.2,72,0.0,21.6,1023.8
2023-02-07 16:00:00,3.6,75,0.0,20.9,1023.3
2023-02-07 17:00:00,3.5,78,0.0,16.8,1023.0
2023-02-07 18:00:00,3.1,83,0.0,18.6,1022.5
2023-02-07 19:00:00,3.0,84,0.0,16.6,1022.1
2023-02-07 20:00:00,2.9,85,0.0,14.8,1021.7
2023-02-07 21:00:00,2.7,86,1.0,10.7,1022.3
2023-02-07 22:00:00,2.5,88,1.6,10.8,1021.8
2023-02-07 23:00:00,2.4,88,0.1,6.1,1020.9
2023-02-08 00:00:00,2.5,88,0.0,9.8,1020.3
2023-02-08 01:00:00,2.3,90,0.6,12.9,1019.3
2023-02-08 02:00:00,1.8,91,0.0,9.2,1019.2
2023-02-08 03:00:00,1.9,90,0.0,9.2,1018.7
2023-02-08 04:00:00,1.2,91,0.0,8.4,1018.8
2023-02-08 05:00:00,1.2,90,0.0,11.5,1019.2
2023-02-08 06:00:00,1.3,90,0.0,11.7,1019.6
2023-02-08 07:00:00,1.6,90,0.0,9.4,1020.3
2023-02-08 08:00:00,3.2,89,0.0,15.3,1021.3
2023-02-08 09:00:00,6.2,81,0.0,18.2,1022.2
2023-02-08 10:00:00,7.7,67,0.0,20.6,1023.0
2023-02-08 11:00:00,8.2,61,0.0,22.5,1023.6
2023-02-08 12:00:00,8.6,57,0.0,20.2,1023.4
2023-02-08 13:00:00,9.3,55,0.0,18.1,1022.7
2023-02-08 14:00:00,9.8,52,0.0,18.3,1022.4
2023-02-08 15:00:00,10.3,49,0.0,18.8,1022.7
2023-02-08 16:00:00,10.2,50,0.0,16.0,1023.7
2023-02-08 17:00:00,7.7,61,0.0,7.8,1024.1
2023-02-08 18:00:00,4.6,73,0.0,8.7,1024.6
2023-02-08 19:00:00,3.9,71,0.0,9.2,1024.9
2023-02-08 20:00:00,3.8,68,0.0,9.7,1025.3
2023-02-08 21:00:00,2.2,73,0.0,7.9,1026.0
2023-02-08 22:00:00,1.0,79,0.0,8.2,1026.6
2023-02-08 23:00:00,0.5,81,0.0,9.9,1026.6
2023-02-09 00:00:00,0.2,82,0.0,8.7,1026.6
2023-02-09 01:00:00,-0.1,82,0.0,7.8,1026.4
2023-02-09 02:00:00,-0.9,83,0.0,9.2,1026.2
2023-02-09 03:00:00,-1.2,82,0.0,8.5,1025.4
2023-02-09 04:00:00,-0.8,81,0.0,6.1,1025.5
2023-02-09 05:00:00,-1.9,85,0.0,6.5,1026.0
2023-02-09 06:00:00,-1.3,84,0.0,4.3,1026.5
2023-02-09 07:00:00,-0.9,86,0.0,2.2,1026.6
2023-02-09 08:00:00,0.8,78,0.0,3.4,1026.6
2023-02-09 09:00:00,1.9,76,0.0,3.3,1026.2
2023-02-09 10:00:00,3.5,75,0.0,6.0,1025.5
2023-02-09 11:00:00,5.4,77,0.0,9.0,1024.6
2023-02-09 12:00:00,7.7,80,0.0,13.2,1023.0
2023-02-09 13:00:00,8.8,77,0.0,15.3,1021.4
2023-02-09 14:00:00,9.3,75,0.0,16.1,1019.9
2023-02-09 15:00:00,9.5,77,0.0,15.3,1018.5
2023-02-09 16:00:00,9.9,79,0.0,15.3,1017.4
2023-02-09 17:00:00,9.8,84,0.0,18.9,1016.0
2023-02-09 18:00:00,9.5,86,0.0,18.9,1015.0
2023-02-09 19:00:00,8.3,90,0.0,16.7,1014.1
2023-02-09 20:00:00,10.3,78,0.0,20.9,1013.2
2023-02-09 21:00:00,10.6,75,0.0,15.1,1012.3
2023-02-09 22:00:00,11.0,73,0.0,13.7,1011.1
2023-02-09 23:00:00,10.3,79,0.0,12.0,1010.1
2023-02-10 00:00:00,9.7,84,0.0,11.7,1009.5
2023-02-10 01:00:00,10.5,85,0.0,12.7,1008.6
2023-02-10 02:00:00,12.9,84,0.0,22.1,1008.2
2023-02-10 03:00:00,13.2,85,0.0,25.2,1007.9
2023-02-10 04:00:00,13.3,85,0.0,25.7,1007.8
2023-02-10 05:00:00,13.0,85,0.0,23.8,1008.5
2023-02-10 06:00:00,12.2,85,0.0,22.3,1009.9
2023-02-10 07:00:00,11.7,89,0.0,15.9,1009.4
2023-02-10 08:00:00,11.8,68,0.0,23.5,1010.8
2023-02-10 09:00:00,12.6,61,0.0,23.7,1011.8
2023-02-10 10:00:00,13.3,55,0.0,26.3,1012.1
2023-02-10 11:00:00,13.5,51,0.0,28.1,1012.3
2023-02-10 12:00:00,13.8,48,0.0,26.6,1012.2
2023-02-10 13:00:00,14.0,45,0.0,27.8,1012.0
2023-02-10 14:00:00,13.4,46,0.0,24.8,1012.1
2023-02-10 15:00:00,12.9,46,0.0,22.5,1012.9
2023-02-10 16:00:00,11.6,49,0.0,20.3,1013.8
2023-02-10 17:00:00,9.8,53,0.0,14.0,1014.4
2023-02-10 18:00:00,7.6,58,0.0,13.0,1015.4
2023-02-10 19:00:00,6.0,65,0.0,8.9,1016.5
2023-02-10 20:00:00,5.9,66,0.0,10.1,1017.0
2023-02-10 21:00:00,6.5,60,0.0,15.1,1017.8
2023-02-10 22:00:00,6.4,56,0.0,19.5,1017.8
2023-02-10 23:00:00,5.8,57,0.0,19.1,1017.8
2023-02-11 00:00:00,5.1,65,0.0,18.7,1017.6
2023-02-11 01:00:00,4.9,64,0.0,21.6,1018.0
2023-02-11 02:00:00,4.0,58,0.0,21.3,1018.7
2023-02-11 03:00:00,3.1,56,0.0,21.4,1019.8
2023-02-11 04:00:00,2.4,53,0.0,23.5,1020.4
2023-02-11 05:00:00,1.3,49,0.0,22.0,1021.0
2023-02-11 06:00:00,0.3,51,0.0,14.9,1022.4
2023-02-11 07:00:00,0.8,53,0.0,10.6,1023.4
2023-02-11 08:00:00,1.9,52,0.0,15.5,1024.7
2023-02-11 09:00:00,3.1,48,0.0,18.6,1025.4
2023-02-11 10:00:00,3.9,47,0.0,18.2,1025.8
2023-02-11 11:00:00,4.9,47,0.0,17.8,1026.3
2023-02-11 12:00:00,5.5,45,0.0,16.3,1026.1
2023-02-11 13:00:00,6.1,43,0.0,15.3,1025.8
2023-02-11 14:00:00,6.4,42,0.0,12.7,1025.2
2023-02-11 15:00:00,6.6,41,0.0,11.0,1025.4
2023-02-11 16:00:00,6.5,41,0.0,10.5,1025.4
2023-02-11 17:00:00,5.0,52,0.0,5.4,1025.2
2023-02-11 18:00:00,2.9,59,0.0,8.4,1025.5
2023-02-11 19:00:00,1.4,69,0.0,9.4,1026.2
2023-02-11 20:00:00,0.7,71,0.0,7.5,1026.3
2023-02-11 21:00:00,1.6,66,0.0,4.6,1026.9
2023-02-11 22:00:00,1.4,66,0.0,1.6,1026.1
2023-02-11 23:00:00,1.3,65,0.0,1.5,1025.9
2023-02-12 00:00:00,-0.3,76,0.0,1.9,1024.7
2023-02-12 01:00:00,-0.1,78,0.0,7.3,1024.3
2023-02-12 02:00:00,-0.2,85,0.0,6.8,1024.2
2023-02-12 03:00:00,-0.3,83,0.0,7.1,1023.6
2023-02-12 04:00:00,0.0,78,0.0,7.7,1023.0
2023-02-12 05:00:00,-0.3,81,0.0,6.0,1022.4
2023-02-12 06:00:00,-0.4,81,0.0,6.5,1022.7
2023-02-12 07:00:00,-0.7,77,0.0,5.4,1022.4
2023-02-12 08:00:00,0.3,75,0.0,2.8,1022.1
2023-02-12 09:00:00,1.7,74,0.0,3.9,1021.8
2023-02-12 10:00:00,3.4,66,0.0,0.4,1021.1
2023-02-12 11:00:00,5.1,57,0.0,1.1,1020.0
2023-02-12 12:00:00,6.3,50,0.0,5.3,1018.6
2023-02-12 13:00:00,6.7,49,0.0,8.8,1017.4
2023-02-12 14:00:00,6.6,50,0.0,8.7,1016.7
2023-02-12 15:00:00,6.4,50,0.0,3.7,1015.4
2023-02-12 16:00:00,6.0,52,0.0,4.4,1014.0
2023-02-12 17:00:00,4.4,70,0.0,6.5,1012.9
2023-02-12 18:00:00,3.6,68,0.0,6.1,1012.5
2023-02-12 19:00:00,3.9,69,0.0,10.2,1011.9
2023-02-12 20:00:00,3.8,64,0.0,11.2,1011.5
2023-02-12 21:00:00,4.1,63,0.0,14.0,1010.7
2023-02-12 22:00:00,3.4,69,0.8,18.7,1009.2
2023-02-12 23:00:00,3.4,70,0.6,17.7,1008.3
2023-02-13 00:00:00,3.3,67,0.4,18.9,1007.3
2023-02-13 01:00:00,2.4,80,0.6,19.5,1006.0
2023-02-13 02:00:00,3.0,70,0.2,22.9,1005.2
2023-02-13 03:00:00,3.4,66,0.0,23.9,1004.1
2023-02-13 04:00:00,3.5,63,0.0,23.2,1003.4
2023-02-13 05:00:00,3.2,58,0.0,23.8,1003.7
2023-02-13 06:00:00,2.5,57,0.0,22.0,1003.8
2023-02-13 07:00:00,2.4,49,0.0,20.6,1004.1
2023-02-13 08:00:00,3.0,50,0.0,20.5,1004.4
2023-02-13 09:00:00,4.6,48,0.0,17.4,1004.4
2023-02-13 10:00:00,6.5,43,0.0,17.0,1004.5
2023-02-13 11:00:00,8.3,40,0.0,14.7,1004.7
2023-02-13 12:00:00,9.9,38,0.0,10.1,1003.7
2023-02-13 13:00:00,11.1,36,0.0,9.2,1002.7
2023-02-13 14:00:00,12.4,32,0.0,11.2,1001.8
2023-02-13 15:00:00,13.2,28,0.0,12.0,1001.0
2023-02-13 16:00:00,12.6,33,0.0,14.8,1000.8
2023-02-13 17:00:00,10.3,37,0.0,14.0,1000.8
2023-02-13 18:00:00,9.3,37,0.0,19.2,1001.2
2023-02-13 19:00:00,8.0,39,0.0,16.5,1001.8
2023-02-13 20:00:00,7.0,44,0.0,17.4,1002.6
2023-02-13 21:00:00,6.1,47,0.0,15.4,1003.1
2023-02-13 22:00:00,5.9,49,0.0,15.1,1003.7
2023-02-13 23:00:00,6.7,46,0.0,20.7,1004.5
2023-02-14 00:00:00,6.4,47,0.0,22.8,1005.9
2023-02-14 01:00:00,5.6,51,0.0,23.0,1007.3
2023-02-14 02:00:00,4.7,57,0.0,23.0,1008.5
2023-02-14 03:00:00,4.0,60,0.0,23.2,1009.6
2023-02-14 04:00:00,3.4,62,0.0,22.4,1010.9
2023-02-14 05:00:00,2.9,64,0.0,21.8,1012.1
2023-02-14 06:00:00,2.4,66,0.0,20.8,1013.3
2023-02-14 07:00:00,2.5,51,0.0,14.8,1014.3
2023-02-14 08:00:00,3.5,53,0.0,16.4,1015.7
2023-02-14 09:00:00,5.5,51,0.0,14.8,1016.9
2023-02-14 10:00:00,7.2,46,0.0,15.8,1017.8
2023-02-14 11:00:00,8.4,42,0.0,19.2,1018.5
2023-02-14 12:00:00,9.3,41,0.0,17.1,1018.5
2023-02-14 13:00:00,10.1,41,0.0,16.2,1018.4
2023-02-14 14:00:00,10.9,38,0.0,16.1,1018.2
2023-02-14 15:00:00,11.3,37,0.0,15.0,1018.7
2023-02-14 16:00:00,11.2,38,0.0,12.1,1018.9
2023-02-14 17:00:00,8.3,63,0.0,9.1,1019.9
2023-02-14 18:00:00,5.2,62,0.0,9.7,1020.8
2023-02-14 19:00:00,5.7,58,0.0,9.6,1021.6
2023-02-14 20:00:00,4.9,60,0.0,8.8,1022.0
2023-02-14 21:00:00,3.7,68,0.0,10.2,1022.1
2023-02-14 22:00:00,3.6,69,0.0,8.9,1022.2
2023-02-14 23:00:00,4.1,66,0.0,7.4,1022.0
2023-02-15 00:00:00,2.9,77,0.0,8.1,1022.0
2023-02-15 01:00:00,3.0,80,0.0,8.0,1021.6
2023-02-15 02:00:00,4.0,71,0.0,7.7,1021.7
2023-02-15 03:00:00,4.9,63,0.0,9.4,1021.8
2023-02-15 04:00:00,5.5,58,0.0,10.7,1021.3
2023-02-15 05:00:00,5.5,61,0.0,12.8,1021.4
2023-02-15 06:00:00,5.9,65,0.0,14.0,1021.0
2023-02-15 07:00:00,6.2,70,0.0,16.5,1021.5
2023-02-15 08:00:00,7.3,69,0.0,19.1,1020.8
2023-02-15 09:00:00,8.5,68,0.0,21.3,1020.2
2023-02-15 10:00:00,10.7,61,0.0,21.0,1019.4
2023-02-15 11:00:00,12.2,57,0.0,21.6,1018.1
2023-02-15 12:00:00,14.6,54,0.0,23.9,1016.3
2023-02-15 13:00:00,15.7,54,0.0,25.3,1014.2
2023-02-15 14:00:00,16.7,52,0.0,26.5,1012.9
2023-02-15 15:00:00,16.9,51,0.0,26.9,1012.2
2023-02-15 16:00:00,16.5,54,0.0,21.8,1012.1
2023-02-15 17:00:00,14.8,59,0.0,22.8,1012.3
2023-02-15 18:00:00,13.5,61,0.0,22.5,1013.0
2023-02-15 19:00:00,12.9,63,0.0,19.3,1012.7
2023-02-15 20:00:00,13.1,61,0.0,21.6,1013.2
2023-02-15 21:00:00,12.8,60,0.0,19.2,1013.6
2023-02-15 22:00:00,12.7,60,0.0,19.6,1014.0
2023-02-15 23:00:00,12.5,60,0.0,17.6,1014.0
2023-02-16 00:00:00,12.0,62,0.0,16.5,1014.3
2023-02-16 01:00:00,11.3,65,0.0,15.9,1014.5
2023-02-16 02:00:00,10.9,66,0.0,15.8,1015.2
2023-02-16 03:00:00,10.6,67,0.0,16.1,1015.2
2023-02-16 04:00:00,10.2,68,0.0,16.4,1015.4
2023-02-16 05:00:00,9.6,71,0.0,14.9,1016.0
2023-02-16 06:00:00,9.1,73,0.0,12.8,1016.3
2023-02-16 07:00:00,9.6,69,0.0,11.4,1016.3
2023-02-16 08:00:00,11.6,64,0.0,11.0,1016.8
2023-02-16 09:00:00,14.0,62,0.0,10.4,1016.7
2023-02-16 10:00:00,16.6,60,0.0,7.2,1016.6
2023-02-16 11:00:00,18.6,53,0.0,2.3,1016.7
2023-02-16 12:00:00,18.8,52,0.0,7.3,1016.5
2023-02-16 13:00:00,19.1,51,0.0,9.2,1015.4
2023-02-16 14:00:00,17.1,56,0.0,9.0,1014.8
2023-02-16 15:00:00,14.7,68,0.3,11.4,1015.3
2023-02-16 16:00:00,12.1,89,1.8,7.4,1014.7
2023-02-16 17:00:00,11.6,93,0.8,10.2,1013.5
2023-02-16 18:00:00,10.1,93,0.0,11.4,1013.2
2023-02-16 19:00:00,9.2,95,0.0,7.6,1013.3
2023-02-16 20:00:00,11.0,90,0.0,8.0,1012.6
2023-02-16 21:00:00,10.4,93,0.0,7.3,1012.1
2023-02-16 22:00:00,11.0,93,0.0,10.0,1011.4
2023-02-16 23:00:00,11.3,94,0.0,11.2,1011.1
2023-02-17 00:00:00,11.0,96,0.0,10.6,1009.6
2023-02-17 01:00:00,10.8,98,0.0,10.0,1008.5
2023-02-17 02:00:00,10.4,99,0.0,7.5,1007.9
2023-02-17 03:00:00,11.0,99,0.0,10.5,1006.4
2023-02-17 04:00:00,11.4,99,0.0,13.5,1005.3
2023-02-17 05:00:00,11.8,98,0.0,15.1,1005.0
2023-02-17 06:00:00,12.2,97,0.0,14.7,1004.0
2023-02-17 07:00:00,13.1,91,0.0,23.2,1004.5
2023-02-17 08:00:00,13.5,94,1.3,22.3,1003.8
2023-02-17 09:00:00,13.7,95,1.7,22.0,1003.4
2023-02-17 10:00:00,13.8,95,2.4,24.8,1002.2
2023-02-17 11:00:00,13.7,93,0.5,25.3,1000.1
2023-02-17 12:00:00,15.2,90,0.2,28.1,999.8
2023-02-17 13:00:00,15.3,95,1.0,26.5,998.8
2023-02-17 14:00:00,9.9,79,0.8,33.1,1001.1
2023-02-17 15:00:00,9.9,75,0.0,29.3,1001.8
2023-02-17 16:00:00,6.6,62,0.0,27.5,1003.7
2023-02-17 17:00:00,5.1,56,0.1,25.8,1005.9
2023-02-17 18:00:00,4.1,57,0.1,28.7,1006.9
2023-02-17 19:00:00,3.3,66,0.0,26.2,1008.9
2023-02-17 20:00:00,2.4,57,0.0,33.8,1010.6
2023-02-17 21:00:00,1.0,58,0.0,28.4,1012.9
2023-02-17 22:00:00,0.2,55,0.0,28.1,1014.6
2023-02-17 23:00:00,-1.1,55,0.0,28.9,1016.2
2023-02-18 00:00:00,-1.7,56,0.0,26.1,1017.9
2023-02-18 01:00:00,-1.9,56,0.0,23.6,1018.9
2023-02-18 02:00:00,-2.0,57,0.0,19.5,1020.0
2023-02-18 03:00:00,-2.0,59,0.0,17.3,1020.8
2023-02-18 04:00:00,-1.7,58,0.0,15.3,1021.7
2023-02-18 05:00:00,-1.8,62,0.0,12.6,1022.8
2023-02-18 06:00:00,-2.3,64,0.0,11.4,1024.0
2023-02-18 07:00:00,-2.8,55,0.0,14.4,1025.8
2023-02-18 08:00:00,-2.6,50,0.0,18.7,1027.0
2023-02-18 09:00:00,-1.6,48,0.0,17.7,1027.8
2023-02-18 10:00:00,-0.4,46,0.0,16.0,1028.2
2023-02-18 11:00:00,1.1,43,0.0,15.2,1028.1
2023-02-18 12:00:00,2.6,41,0.0,14.9,1027.5
2023-02-18 13:00:00,3.9,39,0.0,12.3,1026.5
2023-02-18 14:00:00,5.0,37,0.0,12.8,1025.6
2023-02-18 15:00:00,5.6,37,0.0,15.1,1025.0
2023-02-18 16:00:00,5.6,39,0.0,16.6,1025.1
2023-02-18 17:00:00,4.9,43,0.0,14.2,1025.5
2023-02-18 18:00:00,3.5,50,0.0,13.9,1026.1
2023-02-18 19:00:00,2.6,54,0.0,13.7,1027.3
2023-02-18 20:00:00,2.3,55,0.0,15.3,1028.0
2023-02-18 21:00:00,2.1,54,0.0,16.1,1028.7
2023-02-18 22:00:00,1.7,56,0.0,16.0,1028.9
2023-02-18 23:00:00,1.3,58,0.0,14.8,1028.9
2023-02-19 00:00:00,0.8,62,0.0,13.0,1028.8
2023-02-19 01:00:00,0.3,65,0.0,11.5,1028.6
2023-02-19 02:00:00,0.2,66,0.0,11.2,1028.8
2023-02-19 03:00:00,0.2,68,0.0,10.5,1028.6
2023-02-19 04:00:00,0.2,70,0.0,8.2,1028.2
2023-02-19 05:00:00,0.1,72,0.0,7.1,1028.4
2023-02-19 06:00:00,-0.5,80,0.0,6.0,1028.6
2023-02-19 07:00:00,0.1,80,0.0,5.3,1028.7
2023-02-19 08:00:00,1.6,76,0.0,7.3,1028.7
2023-02-19 09:00:00,3.0,70,0.0,6.2,1028.8
2023-02-19 10:00:00,5.0,64,0.0,7.6,1028.5
2023-02-19 11:00:00,6.2,59,0.0,11.6,1027.9
2023-02-19 12:00:00,7.4,57,0.0,15.5,1026.4
2023-02-19 13:00:00,7.7,67,0.0,20.8,1024.3
2023-02-19 14:00:00,8.0,74,0.0,25.1,1022.8
2023-02-19 15:00:00,7.8,71,0.0,28.3,1021.5
2023-02-19 16:00:00,7.0,74,0.0,29.8,1020.1
2023-02-19 17:00:00,6.5,74,0.0,28.3,1019.2
2023-02-19 18:00:00,6.2,72,0.0,21.3,1019.1
2023-02-19 19:00:00,5.5,81,0.0,17.6,1017.8
2023-02-19 20:00:00,5.7,80,0.0,16.8,1017.3
2023-02-19 21:00:00,6.4,83,0.0,17.7,1016.4
2023-02-19 22:00:00,7.0,85,0.0,15.2,1015.8
2023-02-19 23:00:00,7.3,86,0.0,14.2,1014.9
2023-02-20 00:00:00,7.1,88,0.0,14.5,1014.2
2023-02-20 01:00:00,6.7,90,0.0,13.0,1013.3
2023-02-20 02:00:00,6.1,93,0.0,11.0,1012.7
2023-02-20 03:00:00,6.0,93,0.0,10.5,1011.4
2023-02-20 04:00:00,5.9,94,0.0,11.3,1010.5
2023-02-20 05:00:00,6.1,94,0.0,12.9,1009.9
2023-02-20 06:00:00,6.0,94,0.0,12.2,1008.9
2023-02-20 07:00:00,5.4,97,0.0,9.3,1008.4
2023-02-20 08:00:00,6.2,95,0.0,11.0,1008.3
2023-02-20 09:00:00,7.7,91,0.0,10.3,1007.8
2023-02-20 10:00:00,8.7,86,0.0,11.4,1007.3
2023-02-20 11:00:00,9.4,82,0.0,12.1,1006.8
2023-02-20 12:00:00,9.6,79,0.0,9.6,1005.8
2023-02-20 13:00:00,10.0,77,0.0,11.3,1004.5
2023-02-20 14:00:00,15.1,48,0.0,19.1,1003.7
2023-02-20 15:00:00,15.2,41,0.0,25.3,1003.5
2023-02-20 16:00:00,14.5,42,0.0,21.2,1003.8
2023-02-20 17:00:00,12.5,49,0.0,14.5,1003.9
2023-02-20 18:00:00,9.5,59,0.0,9.8,1004.3
2023-02-20 19:00:00,10.3,50,0.0,11.6,1004.1
2023-02-20 20:00:00,9.1,55,0.0,9.1,1004.0
2023-02-20 21:00:00,9.2,60,0.0,16.3,1004.6
2023-02-20 22:00:00,8.4,59,0.0,15.6,1004.6
2023-02-20 23:00:00,6.5,65,0.0,13.6,1004.5
2023-02-21 00:00:00,5.7,67,0.0,13.3,1004.4
2023-02-21 01:00:00,4.5,72,0.0,12.2,1004.0
2023-02-21 02:00:00,4.3,74,0.1,14.3,1004.2
2023-02-21 03:00:00,3.9,80,0.4,14.6,1004.1
2023-02-21 04:00:00,3.4,91,0.9,14.0,1004.2
2023-02-21 05:00:00,2.9,93,2.2,13.0,1003.7
2023-02-21 06:00:00,2.2,95,0.4,16.0,1003.7
2023-02-21 07:00:00,2.1,92,0.4,15.4,1003.7
2023-02-21 08:00:00,2.6,90,0.0,15.3,1004.1
2023-02-21 09:00:00,3.0,89,0.0,12.5,1004.2
2023-02-21 10:00:00,3.7,85,0.0,5.9,1004.3
2023-02-21 11:00:00,4.2,83,0.0,4.1,1004.4
2023-02-21 12:00:00,5.0,80,0.0,2.4,1003.8
2023-02-21 13:00:00,6.3,76,0.0,5.1,1002.6
2023-02-21 14:00:00,7.8,69,0.0,9.2,1002.2
2023-02-21 15:00:00,8.2,69,0.0,6.9,1001.5
2023-02-21 16:00:00,6.2,85,2.7,17.8,1003.0
2023-02-21 17:00:00,4.5,94,0.0,15.5,1003.4
2023-02-21 18:00:00,4.1,96,0.0,8.2,1004.6
2023-02-21 19:00:00,4.3,95,0.0,6.7,1007.5
2023-02-21 20:00:00,3.4,98,0.0,7.2,1009.0
2023-02-21 21:00:00,2.4,97,0.0,9.4,1010.2
2023-02-21 22:00:00,1.9,95,0.0,9.4,1011.1
2023-02-21 23:00:00,1.7,93,0.0,8.2,1012.4
2023-02-22 00:00:00,1.8,87,0.0,9.2,1014.1
2023-02-22 01:00:00,0.8,87,0.0,7.9,1014.4
2023-02-22 02:00:00,0.9,83,0.0,9.3,1015.5
2023-02-22 03:00:00,0.8,80,0.0,11.1,1016.5
2023-02-22 04:00:00,0.5,79,0.0,12.0,1017.2
2023-02-22 05:00:00,-0.1,80,0.0,8.7,1017.9
2023-02-22 06:00:00,-0.9,83,0.0,7.6,1018.9
2023-02-22 07:00:00,0.9,76,0.0,8.4,1019.9
2023-02-22 08:00:00,2.1,78,0.0,11.4,1020.1
2023-02-22 09:00:00,3.9,70,0.0,7.6,1020.4
2023-02-22 10:00:00,4.8,54,0.0,6.8,1020.7
2023-02-22 11:00:00,5.1,52,0.0,5.2,1022.1
2023-02-22 12:00:00,5.5,50,0.0,5.6,1022.0
2023-02-22 13:00:00,5.3,52,0.1,2.2,1020.5
2023-02-22 14:00:00,4.6,59,0.3,1.8,1020.1
2023-02-22 15:00:00,3.3,81,0.8,4.4,1019.8
2023-02-22 16:00:00,2.5,92,1.6,8.9,1019.6
2023-02-22 17:00:00,2.4,93,0.7,10.5,1019.3
2023-02-22 18:00:00,2.4,94,0.2,11.6,1019.0
2023-02-22 19:00:00,2.2,93,0.1,13.7,1017.8
2023-02-22 20:00:00,2.1,95,0.2,15.0,1017.2
2023-02-22 21:00:00,2.2,96,0.3,14.4,1016.7
2023-02-22 22:00:00,2.3,95,0.1,12.7,1016.6
2023-02-22 23:00:00,2.5,92,0.0,15.8,1015.2
2023-02-23 00:00:00,2.7,92,0.0,15.9,1014.0
2023-02-23 01:00:00,2.9,93,0.0,14.4,1012.5
2023-02-23 02:00:00,3.2,93,0.0,11.3,1011.8
2023-02-23 03:00:00,3.4,93,0.0,10.8,1010.8
2023-02-23 04:00:00,3.4,96,0.3,11.5,1009.8
2023-02-23 05:00:00,3.7,94,0.3,12.5,1009.7
2023-02-23 06:00:00,3.6,95,0.0,12.7,1009.8
2023-02-23 07:00:00,2.6,92,0.0,12.5,1010.8
2023-02-23 08:00:00,2.9,91,0.0,15.5,1012.2
2023-02-23 09:00:00,3.5,88,0.0,16.1,1012.4
2023-02-23 10:00:00,4.5,86,0.0,13.0,1012.5
2023-02-23 11:00:00,5.2,83,0.0,13.8,1013.3
2023-02-23 12:00:00,5.6,82,0.0,13.0,1013.3
2023-02-23 13:00:00,6.6,78,0.0,12.4,1013.7
2023-02-23 14:00:00,7.4,76,0.0,10.9,1013.7
2023-02-23 15:00:00,7.6,78,0.0,11.0,1014.1
2023-02-23 16:00:00,7.1,78,0.0,12.6,1014.3
2023-02-23 17:00:00,6.7,80,0.0,10.5,1014.7
2023-02-23 18:00:00,5.2,89,0.0,12.2,1014.3
2023-02-23 19:00:00,3.7,89,0.0,10.5,1015.3
2023-02-23 20:00:00,3.9,90,0.0,12.4,1015.1
2023-02-23 21:00:00,3.9,92,0.0,13.9,1014.6
2023-02-23 22:00:00,4.7,93,0.0,14.9,1013.7
2023-02-23 23:00:00,5.2,94,0.0,10.4,1013.3
2023-02-24 00:00:00,4.8,96,0.0,6.4,1012.5
2023-02-24 01:00:00,4.8,95,0.0,16.2,1013.4
2023-02-24 02:00:00,4.9,94,0.0,9.0,1013.2
2023-02-24 03:00:00,4.0,96,0.0,8.0,1013.0
2023-02-24 04:00:00,5.1,92,0.0,11.3,1014.0
2023-02-24 05:00:00,6.9,82,0.0,20.8,1014.9
2023-02-24 06:00:00,5.7,77,0.0,25.1,1016.4
2023-02-24 07:00:00,4.6,85,0.0,15.4,1017.5
2023-02-24 08:00:00,6.5,61,0.0,26.1,1019.4
2023-02-24 09:00:00,7.3,44,0.0,35.3,1020.2
2023-02-24 10:00:00,5.7,53,0.0,28.5,1022.0
2023-02-24 11:00:00,5.3,47,0.0,31.6,1023.0
2023-02-24 12:00:00,5.8,43,0.0,33.1,1024.1
2023-02-24 13:00:00,4.7,40,0.0,33.9,1024.6
2023-02-24 14:00:00,4.5,36,0.0,33.9,1025.4
2023-02-24 15:00:00,4.2,34,0.0,32.2,1026.3
2023-02-24 16:00:00,3.2,34,0.0,28.7,1027.5
2023-02-24 17:00:00,1.8,38,0.0,24.2,1029.0
2023-02-24 18:00:00,0.5,42,0.0,21.9,1030.7
2023-02-24 19:00:00,0.3,44,0.0,19.2,1032.0
2023-02-24 20:00:00,-0.6,48,0.0,16.7,1033.1
2023-02-24 21:00:00,-1.4,50,0.0,15.8,1034.3
2023-02-24 22:00:00,-2.2,47,0.0,18.0,1034.8
2023-02-24 23:00:00,-3.2,46,0.0,19.5,1034.9
2023-02-25 00:00:00,-4.1,45,0.0,18.6,1035.2
2023-02-25 01:00:00,-4.7,46,0.0,16.9,1035.5
2023-02-25 02:00:00,-5.1,48,0.0,15.0,1035.1
2023-02-25 03:00:00,-5.5,51,0.0,12.8,1034.5
2023-02-25 04:00:00,-5.7,53,0.0,10.5,1034.0
2023-02-25 05:00:00,-5.7,57,0.0,7.4,1033.7
2023-02-25 06:00:00,-5.5,61,0.0,6.2,1033.9
2023-02-25 07:00:00,-5.3,52,0.0,3.1,1033.8
2023-02-25 08:00:00,-4.8,55,0.0,0.0,1034.3
2023-02-25 09:00:00,-4.5,59,0.1,3.4,1033.3
2023-02-25 10:00:00,-3.7,63,0.1,4.8,1032.6
2023-02-25 11:00:00,-3.2,66,0.1,5.0,1032.0
2023-02-25 12:00:00,-2.6,70,0.1,8.2,1030.4
2023-02-25 13:00:00,-1.8,70,0.2,13.2,1029.0
2023-02-25 14:00:00,-1.5,70,0.1,18.1,1027.2
2023-02-25 15:00:00,-0.8,68,0.0,19.8,1025.3
2023-02-25 16:00:00,-0.0,68,0.0,17.3,1024.2
2023-02-25 17:00:00,0.1,68,0.0,13.3,1023.5
2023-02-25 18:00:00,0.1,70,0.0,8.9,1023.4
2023-02-25 19:00:00,-0.6,70,0.0,2.1,1023.4
2023-02-25 20:00:00,-1.2,75,0.0,3.1,1022.7
2023-02-25 21:00:00,-3.4,86,0.0,5.6,1022.5
2023-02-25 22:00:00,-2.5,86,0.0,3.1,1022.1
2023-02-25 23:00:00,-1.7,84,0.0,0.8,1021.5
2023-02-26 00:00:00,-1.7,85,0.0,1.5,1020.9
2023-02-26 01:00:00,-1.6,87,0.0,3.8,1020.2
2023-02-26 02:00:00,-1.6,91,0.0,4.6,1019.3
2023-02-26 03:00:00,-2.3,94,0.0,5.5,1018.1
2023-02-26 04:00:00,-3.9,93,0.0,7.4,1017.9
2023-02-26 05:00:00,-3.5,93,0.0,6.2,1017.7
2023-02-26 06:00:00,-3.4,92,0.0,6.9,1017.5
2023-02-26 07:00:00,-3.4,96,0.0,8.9,1017.4
2023-02-26 08:00:00,-1.6,86,0.0,10.3,1016.7
2023-02-26 09:00:00,0.4,75,0.0,12.1,1016.2
2023-02-26 10:00:00,2.7,67,0.0,15.0,1015.2
2023-02-26 11:00:00,5.3,58,0.0,24.2,1013.8
2023-02-26 12:00:00,6.6,58,0.0,25.4,1011.9
2023-02-26 13:00:00,8.4,49,0.0,27.7,1009.4
2023-02-26 14:00:00,10.1,42,0.0,34.7,1008.0
2023-02-26 15:00:00,9.6,45,0.0,33.0,1007.3
2023-02-26 16:00:00,9.6,48,0.0,22.8,1006.5
2023-02-26 17:00:00,8.4,55,0.0,21.8,1005.8
2023-02-26 18:00:00,7.1,54,0.0,24.1,1006.1
2023-02-26 19:00:00,4.2,68,0.0,16.2,1007.3
2023-02-26 20:00:00,2.1,65,0.0,10.7,1008.1
2023-02-26 21:00:00,0.7,67,0.0,9.3,1009.3
2023-02-26 22:00:00,0.4,66,0.0,11.8,1010.3
2023-02-26 23:00:00,-0.1,69,0.0,10.1,1011.2
2023-02-27 00:00:00,-0.3,70,0.0,11.3,1011.8
2023-02-27 01:00:00,-0.5,70,0.0,12.0,1012.4
2023-02-27 02:00:00,-0.5,70,0.0,11.7,1012.9
2023-02-27 03:00:00,-0.6,68,0.0,13.5,1013.6
2023-02-27 04:00:00,-1.0,67,0.0,13.9,1014.5
2023-02-27 05:00:00,-1.6,68,0.0,12.8,1015.1
2023-02-27 06:00:00,-2.3,72,0.0,10.5,1016.0
2023-02-27 07:00:00,-0.8,73,0.0,9.3,1016.1
2023-02-27 08:00:00,0.2,68,0.0,9.0,1017.0
2023-02-27 09:00:00,1.6,63,0.0,6.4,1017.3
2023-02-27 10:00:00,2.7,60,0.0,6.2,1017.0
2023-02-27 11:00:00,3.7,55,0.0,4.5,1016.9
2023-02-27 12:00:00,4.6,51,0.0,4.6,1016.0
2023-02-27 13:00:00,4.8,53,0.0,8.4,1014.9
2023-02-27 14:00:00,4.8,54,0.0,12.0,1014.3
2023-02-27 15:00:00,4.6,52,0.0,16.2,1013.6
2023-02-27 16:00:00,3.7,52,0.0,17.3,1013.0
2023-02-27 17:00:00,2.9,55,0.0,20.4,1012.0
2023-02-27 18:00:00,2.5,57,0.0,21.8,1011.2
2023-02-27 19:00:00,2.0,64,0.4,22.3,1010.6
2023-02-27 20:00:00,1.7,74,0.6,17.0,1010.5
2023-02-27 21:00:00,1.5,81,1.0,21.7,1010.0
2023-02-27 22:00:00,1.3,89,1.8,23.7,1008.5
2023-02-27 23:00:00,1.1,96,1.5,23.4,1006.2
2023-02-28 00:00:00,1.0,99,1.8,24.8,1004.3
2023-02-28 01:00:00,1.1,100,2.4,22.3,1003.6
2023-02-28 02:00:00,0.9,99,2.3,21.7,1002.4
2023-02-28 03:00:00,0.7,99,2.0,20.8,1001.5
2023-02-28 04:00:00,0.7,96,1.0,20.0,1002.0
2023-02-28 05:00:00,0.9,94,0.3,19.3,1002.6
2023-02-28 06:00:00,1.0,93,0.2,20.8,1003.3
2023-02-28 07:00:00,-0.1,93,0.1,19.3,1004.5
2023-02-28 08:00:00,-0.0,91,0.1,18.9,1005.3
2023-02-28 09:00:00,0.4,91,0.1,18.0,1006.0
2023-02-28 10:00:00,0.9,91,0.2,14.3,1006.5
2023-02-28 11:00:00,1.1,93,0.4,12.0,1006.7
2023-02-28 12:00:00,1.6,93,0.2,10.0,1007.1
2023-02-28 13:00:00,1.7,94,0.1,7.8,1007.5
2023-02-28 14:00:00,1.6,95,0.2,7.6,1008.1
2023-02-28 15:00:00,1.5,95,0.1,8.7,1009.3
2023-02-28 16:00:00,2.0,91,0.1,8.3,1010.0
2023-02-28 17:00:00,1.5,94,0.0,4.8,1011.2
2023-02-28 18:00:00,1.2,94,0.0,5.5,1012.4
2023-02-28 19:00:00,1.7,93,0.0,5.0,1014.3
2023-02-28 20:00:00,-0.7,95,0.0,10.2,1015.0
2023-02-28 21:00:00,-0.3,93,0.0,7.7,1015.8
2023-02-28 22:00:00,-0.5,92,0.0,8.7,1016.3
2023-02-28 23:00:00,-0.8,91,0.0,9.2,1017.2
2023-03-01 00:00:00,-0.5,88,0.0,10.7,1018.2
2023-03-01 01:00:00,-0.5,86,0.0,12.5,1019.0
2023-03-01 02:00:00,-1.0,85,0.0,14.0,1019.4
2023-03-01 03:00:00,-1.6,85,0.0,14.1,1019.6
2023-03-01 04:00:00,-2.1,85,0.0,12.0,1020.1
2023-03-01 05:00:00,-2.4,86,0.0,10.1,1020.7
2023-03-01 06:00:00,-2.6,87,0.0,10.3,1020.6
2023-03-01 07:00:00,-1.8,88,0.0,10.8,1021.1
2023-03-01 08:00:00,-0.4,85,0.0,10.3,1021.3
2023-03-01 09:00:00,1.3,83,0.0,2.9,1021.7
2023-03-01 10:00:00,3.2,73,0.0,0.8,1021.8
2023-03-01 11:00:00,4.9,64,0.0,6.1,1021.3
2023-03-01 12:00:00,5.7,59,0.0,11.6,1020.7
2023-03-01 13:00:00,5.3,57,0.0,17.3,1019.9
2023-03-01 14:00:00,5.4,59,0.6,20.6,1019.0
2023-03-01 15:00:00,5.0,67,0.0,22.0,1018.1
2023-03-01 16:00:00,4.6,72,0.8,21.1,1017.4
2023-03-01 17:00:00,4.0,82,1.8,18.7,1017.2
2023-03-01 18:00:00,3.3,88,0.0,15.1,1017.0
2023-03-01 19:00:00,3.3,91,0.0,11.0,1017.1
2023-03-01 20:00:00,3.6,91,0.0,12.4,1016.1
2023-03-01 21:00:00,3.9,91,0.1,12.1,1015.4
2023-03-01 22:00:00,3.8,91,0.1,11.9,1014.6
2023-03-01 23:00:00,3.7,93,0.1,11.6,1013.6
2023-03-02 00:00:00,3.6,95,0.0,11.2,1012.2
2023-03-02 01:00:00,3.8,95,0.0,11.8,1010.7
2023-03-02 02:00:00,3.8,96,0.0,9.2,1009.4
2023-03-02 03:00:00,3.7,98,0.0,7.3,1008.1
2023-03-02 04:00:00,3.5,98,0.0,9.0,1007.7
2023-03-02 05:00:00,3.3,99,0.0,10.4,1006.6
2023-03-02 06:00:00,3.3,99,0.0,9.0,1006.0
2023-03-02 07:00:00,2.1,99,0.8,3.8,1006.5
2023-03-02 08:00:00,3.0,99,0.5,5.4,1004.8
2023-03-02 09:00:00,4.2,95,0.1,9.5,1005.3
2023-03-02 10:00:00,5.9,91,0.0,7.6,1004.6
2023-03-02 11:00:00,8.4,85,0.0,12.2,1004.0
2023-03-02 12:00:00,10.5,79,0.0,16.3,1003.3
2023-03-02 13:00:00,12.3,70,0.0,22.2,1003.3
2023-03-02 14:00:00,13.6,59,0.0,19.3,1003.2
2023-03-02 15:00:00,13.5,48,0.0,22.5,1003.6
2023-03-02 16:00:00,12.5,49,0.0,22.7,1004.5
2023-03-02 17:00:00,10.7,52,0.0,19.1,1006.0
2023-03-02 18:00:00,8.6,56,0.0,14.8,1007.2
2023-03-02 19:00:00,6.7,59,0.0,16.7,1008.1
2023-03-02 20:00:00,6.6,60,0.0,17.9,1009.3
2023-03-02 21:00:00,6.6,58,0.0,21.2,1010.1
2023-03-02 22:00:00,5.8,62,0.0,23.2,1010.7
2023-03-02 23:00:00,4.3,66,0.0,22.6,1011.8
2023-03-03 00:00:00,2.7,69,0.0,20.1,1012.7
2023-03-03 01:00:00,1.7,72,0.0,18.3,1013.4
2023-03-03 02:00:00,0.7,75,0.0,11.8,1014.0
2023-03-03 03:00:00,-0.3,82,0.0,6.9,1015.1
2023-03-03 04:00:00,-1.1,86,0.0,6.4,1016.3
2023-03-03 05:00:00,-1.1,87,0.0,7.4,1017.2
2023-03-03 06:00:00,-1.7,89,0.0,6.1,1017.6
2023-03-03 07:00:00,-0.0,86,0.0,6.5,1017.7
2023-03-03 08:00:00,2.1,72,0.0,5.8,1018.8
2023-03-03 09:00:00,3.8,63,0.0,4.9,1018.9
2023-03-03 10:00:00,4.7,55,0.0,4.6,1019.9
2023-03-03 11:00:00,6.0,52,0.0,8.4,1019.7
2023-03-03 12:00:00,6.6,50,0.0,11.5,1019.1
2023-03-03 13:00:00,7.4,47,0.0,12.4,1017.6
2023-03-03 14:00:00,7.1,50,0.0,11.7,1017.4
2023-03-03 15:00:00,5.6,58,0.0,15.5,1016.9
2023-03-03 16:00:00,4.7,56,0.0,17.3,1016.3
2023-03-03 17:00:00,4.3,62,0.0,19.1,1015.5
2023-03-03 18:00:00,3.8,70,0.1,22.7,1014.4
2023-03-03 19:00:00,3.8,75,0.1,17.8,1013.8
2023-03-03 20:00:00,3.1,91,0.6,24.4,1012.0
2023-03-03 21:00:00,3.8,92,1.3,24.3,1010.3
2023-03-03 22:00:00,4.5,94,0.7,30.4,1007.8
2023-03-03 23:00:00,5.1,94,1.6,35.3,1004.7
2023-03-04 00:00:00,5.4,93,4.0,38.4,1001.7
2023-03-04 01:00:00,5.8,94,5.7,36.1,999.8
2023-03-04 02:00:00,6.4,93,14.6,24.5,996.2
2023-03-04 03:00:00,7.0,95,13.1,27.4,993.3
2023-03-04 04:00:00,6.3,96,2.0,31.8,990.3
2023-03-04 05:00:00,5.5,97,0.3,24.3,989.7
2023-03-04 06:00:00,4.8,96,0.1,12.8,990.5
2023-03-04 07:00:00,3.9,92,0.0,20.8,994.3
2023-03-04 08:00:00,4.1,91,0.3,18.3,996.0
2023-03-04 09:00:00,4.0,91,0.1,17.4,997.1
2023-03-04 10:00:00,4.6,87,0.0,16.6,998.0
2023-03-04 11:00:00,6.1,77,0.0,16.3,999.1
2023-03-04 12:00:00,6.5,76,0.0,16.6,1000.3
2023-03-04 13:00:00,6.8,74,0.0,17.8,1001.5
2023-03-04 14:00:00,6.5,71,0.0,17.5,1003.1
2023-03-04 15:00:00,6.2,69,0.0,17.3,1004.8
2023-03-04 16:00:00,6.2,68,0.0,16.5,1006.7
2023-03-04 17:00:00,6.0,69,0.0,16.9,1008.6
2023-03-04 18:00:00,5.0,72,0.0,15.4,1010.1
2023-03-04 19:00:00,4.3,76,0.0,9.8,1011.6
2023-03-04 20:00:00,3.1,82,0.0,9.4,1013.2
2023-03-04 21:00:00,3.5,77,0.0,12.3,1014.7
2023-03-04 22:00:00,3.2,75,0.0,16.4,1015.8
2023-03-04 23:00:00,3.0,71,0.0,18.6,1016.7
2023-03-05 00:00:00,2.3,71,0.0,16.8,1017.0
2023-03-05 01:00:00,1.6,74,0.0,14.2,1017.2
2023-03-05 02:00:00,0.8,78,0.0,11.7,1018.0
2023-03-05 03:00:00,0.0,82,0.0,9.2,1018.1
2023-03-05 04:00:00,-0.2,84,0.0,8.9,1018.8
2023-03-05 05:00:00,-0.5,86,0.0,7.3,1019.1
2023-03-05 06:00:00,-0.1,86,0.0,7.0,1019.2
2023-03-05 07:00:00,1.4,81,0.0,9.7,1019.9
2023-03-05 08:00:00,3.5,75,0.0,9.7,1020.0
2023-03-05 09:00:00,5.4,65,0.0,12.3,1020.3
2023-03-05 10:00:00,7.3,60,0.0,13.0,1020.0
2023-03-05 11:00:00,9.1,55,0.0,14.2,1019.4
2023-03-05 12:00:00,11.1,47,0.0,20.6,1018.6
2023-03-05 13:00:00,11.4,44,0.0,22.7,1018.1
2023-03-05 14:00:00,12.1,41,0.0,27.1,1018.0
2023-03-05 15:00:00,11.8,42,0.0,27.4,1018.4
2023-03-05 16:00:00,11.3,45,0.0,23.7,1018.6
2023-03-05 17:00:00,10.1,49,0.0,17.1,1019.4
2023-03-05 18:00:00,7.3,58,0.0,10.5,1020.2
2023-03-05 19:00:00,5.7,60,0.0,11.0,1021.6
2023-03-05 20:00:00,5.4,62,0.0,12.5,1022.0
2023-03-05 21:00:00,4.8,65,0.0,14.2,1022.3
2023-03-05 22:00:00,4.5,67,0.0,17.7,1022.5
2023-03-05 23:00:00,4.1,69,0.0,19.7,1022.7
2023-03-06 00:00:00,3.5,72,0.0,20.5,1022.8
2023-03-06 01:00:00,2.9,75,0.0,18.4,1022.8
2023-03-06 02:00:00,2.5,77,0.0,16.7,1022.8
2023-03-06 03:00:00,2.1,77,0.0,15.8,1022.4
2023-03-06 04:00:00,1.8,78,0.0,14.8,1021.9
2023-03-06 05:00:00,1.6,79,0.0,15.9,1022.0
2023-03-06 06:00:00,1.3,80,0.0,14.1,1022.0
2023-03-06 07:00:00,2.0,75,0.0,10.4,1022.5
2023-03-06 08:00:00,4.2,70,0.0,10.6,1022.3
2023-03-06 09:00:00,6.3,64,0.0,12.2,1021.6
2023-03-06 10:00:00,8.0,54,0.0,16.1,1021.0
2023-03-06 11:00:00,9.3,47,0.0,18.9,1020.3
2023-03-06 12:00:00,10.1,40,0.0,20.3,1019.5
2023-03-06 13:00:00,10.1,36,0.0,22.6,1018.3
2023-03-06 14:00:00,9.8,36,0.0,23.1,1017.7
2023-03-06 15:00:00,10.0,34,0.0,21.3,1017.1
2023-03-06 16:00:00,9.9,36,0.0,19.2,1016.1
2023-03-06 17:00:00,9.2,38,0.0,13.2,1015.6
2023-03-06 18:00:00,6.5,44,0.0,9.8,1015.1
2023-03-06 19:00:00,4.6,61,0.0,7.5,1013.7
2023-03-06 20:00:00,6.1,54,0.0,12.7,1014.0
2023-03-06 21:00:00,6.3,47,0.0,12.8,1013.8
2023-03-06 22:00:00,5.8,44,0.0,8.4,1012.5
2023-03-06 23:00:00,5.5,46,0.0,10.0,1012.2
2023-03-07 00:00:00,5.1,45,0.1,13.0,1011.7
2023-03-07 01:00:00,3.7,53,0.3,15.9,1011.3
2023-03-07 02:00:00,2.5,63,0.8,14.2,1011.3
2023-03-07 03:00:00,1.4,72,1.1,9.9,1010.0
2023-03-07 04:00:00,1.4,72,0.2,9.5,1009.5
2023-03-07 05:00:00,1.6,70,0.0,9.4,1009.2
2023-03-07 06:00:00,1.7,63,0.1,14.8,1009.6
2023-03-07 07:00:00,1.6,67,0.1,12.6,1009.4
2023-03-07 08:00:00,2.3,64,0.0,10.9,1009.2
2023-03-07 09:00:00,4.5,46,0.0,18.7,1008.8
2023-03-07 10:00:00,5.2,39,0.0,26.7,1008.8
2023-03-07 11:00:00,6.1,37,0.0,30.0,1008.6
2023-03-07 12:00:00,6.2,39,0.0,32.8,1008.7
2023-03-07 13:00:00,6.8,41,0.0,32.2,1008.5
2023-03-07 14:00:00,7.3,39,0.0,34.9,1008.4
2023-03-07 15:00:00,6.5,41,0.0,36.3,1009.2
2023-03-07 16:00:00,5.3,44,0.0,36.0,1010.5
2023-03-07 17:00:00,3.4,48,0.0,33.5,1012.1
2023-03-07 18:00:00,1.6,52,0.0,29.7,1013.6
2023-03-07 19:00:00,1.9,50,0.0,26.6,1015.4
2023-03-07 20:00:00,1.8,51,0.0,22.2,1016.0
2023-03-07 21:00:00,1.7,52,0.0,23.8,1016.5
2023-03-07 22:00:00,1.0,54,0.0,19.4,1016.6
2023-03-07 23:00:00,0.5,58,0.0,19.8,1016.9
2023-03-08 00:00:00,-0.0,60,0.0,22.3,1017.5
2023-03-08 01:00:00,-0.8,60,0.0,21.9,1018.2
2023-03-08 02:00:00,-1.6,60,0.0,20.3,1018.5
2023-03-08 03:00:00,-2.1,61,0.0,18.5,1018.8
2023-03-08 04:00:00,-2.2,62,0.0,19.4,1019.2
2023-03-08 05:00:00,-2.2,60,0.0,23.3,1019.5
2023-03-08 06:00:00,-2.1,61,0.0,25.7,1019.8
2023-03-08 07:00:00,-0.6,56,0.0,24.8,1020.1
2023-03-08 08:00:00,0.5,54,0.0,29.1,1020.4
2023-03-08 09:00:00,1.8,53,0.0,29.3,1020.7
2023-03-08 10:00:00,3.5,49,0.0,27.1,1021.1
2023-03-08 11:00:00,5.1,47,0.0,27.9,1020.9
2023-03-08 12:00:00,6.4,45,0.0,28.4,1020.6
2023-03-08 13:00:00,7.4,44,0.0,28.6,1020.3
2023-03-08 14:00:00,9.1,42,0.0,34.6,1019.3
2023-03-08 15:00:00,9.3,42,0.0,28.5,1019.1
2023-03-08 16:00:00,8.5,45,0.0,20.8,1019.5
2023-03-08 17:00:00,7.6,50,0.0,20.9,1020.1
2023-03-08 18:00:00,5.7,53,0.0,17.3,1020.9
2023-03-08 19:00:00,4.0,57,0.0,16.5,1021.8
2023-03-08 20:00:00,3.4,58,0.0,15.7,1021.9
2023-03-08 21:00:00,2.7,60,0.0,16.1,1022.3
2023-03-08 22:00:00,2.3,61,0.0,18.4,1022.5
2023-03-08 23:00:00,1.8,63,0.0,19.5,1022.7
2023-03-09 00:00:00,1.3,64,0.0,21.7,1023.0
2023-03-09 01:00:00,0.4,66,0.0,22.3,1022.9
2023-03-09 02:00:00,0.0,66,0.0,21.6,1022.6
2023-03-09 03:00:00,-0.0,66,0.0,21.6,1022.5
2023-03-09 04:00:00,-0.3,68,0.0,20.1,1022.6
2023-03-09 05:00:00,-0.5,70,0.0,17.3,1022.2
2023-03-09 06:00:00,-0.6,72,0.0,14.2,1022.1
2023-03-09 07:00:00,0.3,68,0.0,14.8,1022.5
2023-03-09 08:00:00,2.1,64,0.0,12.7,1022.4
2023-03-09 09:00:00,4.3,60,0.0,11.5,1021.9
2023-03-09 10:00:00,6.5,56,0.0,14.7,1021.7
2023-03-09 11:00:00,8.3,50,0.0,21.3,1021.3
2023-03-09 12:00:00,9.9,46,0.0,19.9,1020.5
2023-03-09 13:00:00,10.2,44,0.0,21.3,1020.0
2023-03-09 14:00:00,10.2,45,0.0,19.8,1020.0
2023-03-09 15:00:00,10.3,44,0.0,21.1,1019.9
2023-03-09 16:00:00,10.2,44,0.0,19.7,1019.7
2023-03-09 17:00:00,8.9,51,0.0,16.3,1020.2
2023-03-09 18:00:00,6.7,58,0.0,14.5,1021.0
2023-03-09 19:00:00,3.7,71,0.0,7.6,1021.4
2023-03-09 20:00:00,3.2,74,0.0,8.8,1022.1
2023-03-09 21:00:00,2.3,74,0.0,12.0,1022.4
2023-03-09 22:00:00,1.6,75,0.0,13.0,1022.5
2023-03-09 23:00:00,1.2,75,0.0,13.8,1022.3
2023-03-10 00:00:00,1.1,72,0.0,16.8,1022.0
2023-03-10 01:00:00,0.4,74,0.0,15.0,1021.8
2023-03-10 02:00:00,-0.3,78,0.0,11.5,1021.8
2023-03-10 03:00:00,-0.9,82,0.0,10.5,1021.1
2023-03-10 04:00:00,-1.2,84,0.0,11.5,1020.9
2023-03-10 05:00:00,-1.3,87,0.0,11.8,1020.3
2023-03-10 06:00:00,-1.4,87,0.0,11.1,1020.0
2023-03-10 07:00:00,-0.3,83,0.0,11.3,1019.3
2023-03-10 08:00:00,1.0,76,0.0,9.4,1019.1
2023-03-10 09:00:00,3.0,68,0.0,7.1,1018.8
2023-03-10 10:00:00,4.4,66,0.0,5.9,1017.9
2023-03-10 11:00:00,5.8,67,0.0,4.4,1017.2
2023-03-10 12:00:00,7.3,60,0.0,9.8,1015.6
2023-03-10 13:00:00,7.3,61,0.0,13.1,1014.0
2023-03-10 14:00:00,7.3,62,0.0,9.7,1012.9
2023-03-10 15:00:00,6.3,70,0.0,12.3,1011.6
2023-03-10 16:00:00,6.1,70,0.0,13.3,1010.7
2023-03-10 17:00:00,5.4,74,0.1,13.5,1009.3
2023-03-10 18:00:00,5.1,78,0.2,12.1,1009.0
2023-03-10 19:00:00,4.7,88,0.4,11.0,1008.3
2023-03-10 20:00:00,4.8,93,1.3,11.1,1007.6
2023-03-10 21:00:00,5.0,92,2.5,9.5,1007.2
2023-03-10 22:00:00,4.9,93,2.8,9.7,1006.3
2023-03-10 23:00:00,4.9,94,2.3,9.5,1005.3
2023-03-11 00:00:00,4.7,96,1.5,10.6,1004.4
2023-03-11 01:00:00,4.6,96,0.9,12.3,1003.5
2023-03-11 02:00:00,3.8,97,0.5,16.4,1003.3
2023-03-11 03:00:00,3.5,97,0.4,17.3,1002.6
2023-03-11 04:00:00,3.7,97,0.4,16.3,1002.2
2023-03-11 05:00:00,3.4,97,0.5,20.1,1002.5
2023-03-11 06:00:00,1.7,100,1.4,17.9,1003.7
2023-03-11 07:00:00,1.6,99,2.2,18.8,1005.7
2023-03-11 08:00:00,1.7,99,1.0,23.2,1006.3
2023-03-11 09:00:00,1.9,99,1.0,23.4,1006.9
2023-03-11 10:00:00,3.0,94,0.7,23.0,1007.6
2023-03-11 11:00:00,5.5,75,0.2,25.8,1007.8
2023-03-11 12:00:00,5.7,72,0.1,25.1,1008.2
2023-03-11 13:00:00,6.8,64,0.0,25.0,1008.3
2023-03-11 14:00:00,6.9,61,0.0,24.2,1008.6
2023-03-11 15:00:00,6.7,59,0.0,23.0,1009.2
2023-03-11 16:00:00,6.5,57,0.0,21.5,1009.6
2023-03-11 17:00:00,6.3,56,0.0,19.2,1010.2
2023-03-11 18:00:00,5.0,60,0.0,13.4,1011.3
2023-03-11 19:00:00,3.8,64,0.0,10.1,1012.8
2023-03-11 20:00:00,2.9,72,0.0,8.6,1013.7
2023-03-11 21:00:00,2.3,78,0.0,10.7,1014.5
2023-03-11 22:00:00,2.1,80,0.0,14.3,1015.0
2023-03-11 23:00:00,2.2,78,0.0,17.6,1015.4
2023-03-12 00:00:00,1.6,76,0.0,17.6,1015.4
2023-03-12 01:00:00,0.5,76,0.0,19.2,1015.5
2023-03-12 02:00:00,-0.2,77,0.0,17.5,1015.5
2023-03-12 03:00:00,-0.5,80,0.0,15.7,1015.5
2023-03-12 04:00:00,-0.8,83,0.0,14.3,1015.8
2023-03-12 05:00:00,-1.0,85,0.0,15.2,1015.8
2023-03-12 06:00:00,-1.2,87,0.0,14.1,1015.9
2023-03-12 07:00:00,-0.5,84,0.0,14.1,1016.2
2023-03-12 08:00:00,1.1,76,0.0,13.1,1017.4
2023-03-12 09:00:00,3.3,66,0.0,11.3,1017.4
2023-03-12 10:00:00,5.2,55,0.0,6.1,1017.4
2023-03-12 11:00:00,6.4,48,0.0,5.9,1017.3
2023-03-12 12:00:00,7.0,45,0.0,3.6,1017.2
2023-03-12 13:00:00,7.5,43,0.0,4.0,1016.5
2023-03-12 14:00:00,7.7,42,0.0,3.9,1016.2
2023-03-12 15:00:00,7.7,44,0.0,6.2,1015.6
2023-03-12 16:00:00,6.7,48,0.0,13.4,1015.5
2023-03-12 17:00:00,5.3,51,0.0,14.1,1016.1
2023-03-12 18:00:00,4.4,61,0.0,12.1,1016.3
2023-03-12 19:00:00,3.9,67,0.0,9.5,1017.0
2023-03-12 20:00:00,4.0,72,0.0,9.8,1017.0
2023-03-12 21:00:00,3.9,75,0.0,8.5,1017.1
2023-03-12 22:00:00,4.4,75,0.0,9.6,1017.0
2023-03-12 23:00:00,4.6,80,0.0,10.9,1016.5
2023-03-13 00:00:00,4.6,84,0.1,12.2,1016.2
2023-03-13 01:00:00,4.2,86,0.4,16.1,1015.9
2023-03-13 02:00:00,3.9,86,0.2,16.1,1015.4
2023-03-13 03:00:00,3.6,93,0.4,13.2,1014.9
2023-03-13 04:00:00,3.6,93,0.8,13.8,1014.4
2023-03-13 05:00:00,3.7,94,0.5,13.0,1014.3
2023-03-13 06:00:00,3.8,93,0.4,11.9,1014.0
2023-03-13 07:00:00,3.5,90,0.6,9.2,1014.6
2023-03-13 08:00:00,3.7,95,0.3,10.8,1014.7
2023-03-13 09:00:00,4.2,93,0.3,11.8,1014.2
2023-03-13 10:00:00,5.2,93,0.2,13.8,1013.7
2023-03-13 11:00:00,5.4,89,0.3,15.1,1012.9
2023-03-13 12:00:00,5.7,93,0.3,20.5,1012.5
2023-03-13 13:00:00,5.8,93,0.4,19.8,1011.6
2023-03-13 14:00:00,5.4,93,0.4,19.1,1010.6
2023-03-13 15:00:00,5.6,93,0.4,17.4,1009.9
2023-03-13 16:00:00,5.4,94,0.9,16.1,1009.2
2023-03-13 17:00:00,4.9,95,1.3,13.5,1009.0
2023-03-13 18:00:00,4.4,97,2.2,15.6,1008.8
2023-03-13 19:00:00,4.4,95,1.6,15.3,1008.4
2023-03-13 20:00:00,4.5,97,2.0,16.1,1007.8
2023-03-13 21:00:00,4.3,97,0.9,15.5,1007.1
2023-03-13 22:00:00,4.1,97,1.8,16.2,1006.2
2023-03-13 23:00:00,3.3,98,2.1,21.6,1005.1
2023-03-14 00:00:00,1.8,100,2.3,21.9,1004.1
2023-03-14 01:00:00,1.8,100,1.8,19.4,1003.2
2023-03-14 02:00:00,2.1,98,0.9,20.4,1002.1
2023-03-14 03:00:00,2.4,96,0.4,21.6,1000.9
2023-03-14 04:00:00,2.7,94,0.4,24.2,1000.4
2023-03-14 05:00:00,2.0,93,0.4,26.0,1000.3
2023-03-14 06:00:00,1.5,89,0.3,27.2,1000.1
2023-03-14 07:00:00,1.5,87,0.3,26.6,1000.9
2023-03-14 08:00:00,1.5,84,0.4,28.1,1000.8
2023-03-14 09:00:00,1.6,81,0.5,28.0,1000.6
2023-03-14 10:00:00,1.9,73,0.3,33.6,1000.0
2023-03-14 11:00:00,2.4,67,0.3,39.3,999.5
2023-03-14 12:00:00,2.1,65,0.4,41.3,999.5
2023-03-14 13:00:00,2.3,63,0.4,41.6,998.9
2023-03-14 14:00:00,3.0,58,0.1,44.3,998.7
2023-03-14 15:00:00,2.9,58,0.2,44.1,999.2
2023-03-14 16:00:00,2.3,61,0.2,36.8,999.8
2023-03-14 17:00:00,2.4,61,0.1,35.8,1000.7
2023-03-14 18:00:00,2.0,63,0.1,36.9,1001.9
2023-03-14 19:00:00,1.0,66,0.1,33.8,1002.7
2023-03-14 20:00:00,1.2,63,0.1,35.1,1003.3
2023-03-14 21:00:00,1.2,62,0.1,35.6,1003.8
2023-03-14 22:00:00,1.1,62,0.0,35.3,1004.0
2023-03-14 23:00:00,1.3,62,0.0,35.2,1003.9
2023-03-15 00:00:00,1.4,62,0.0,34.2,1003.9
2023-03-15 01:00:00,1.1,63,0.0,34.5,1004.2
2023-03-15 02:00:00,1.0,64,0.0,34.7,1004.6
2023-03-15 03:00:00,1.2,63,0.0,37.6,1004.7
2023-03-15 04:00:00,1.1,63,0.0,38.4,1005.3
2023-03-15 05:00:00,1.0,61,0.0,34.9,1006.5
2023-03-15 06:00:00,0.7,61,0.0,33.2,1007.4
2023-03-15 07:00:00,1.1,59,0.0,29.4,1008.6
2023-03-15 08:00:00,1.6,59,0.0,30.0,1009.1
2023-03-15 09:00:00,2.2,56,0.0,34.9,1009.6
2023-03-15 10:00:00,2.8,54,0.0,35.9,1009.9
2023-03-15 11:00:00,4.1,50,0.0,36.3,1010.1
2023-03-15 12:00:00,5.7,45,0.0,35.7,1009.9
2023-03-15 13:00:00,6.3,43,0.0,38.7,1009.6
2023-03-15 14:00:00,6.9,42,0.0,38.2,1009.2
2023-03-15 15:00:00,6.9,42,0.0,37.4,1009.4
2023-03-15 16:00:00,6.8,40,0.0,38.0,1010.2
2023-03-15 17:00:00,6.6,40,0.0,31.1,1010.8
2023-03-15 18:00:00,4.8,45,0.0,32.0,1012.2
2023-03-15 19:00:00,3.8,48,0.0,25.7,1013.8
2023-03-15 20:00:00,3.2,45,0.0,24.2,1014.9
2023-03-15 21:00:00,2.5,44,0.0,22.5,1015.9
2023-03-15 22:00:00,1.6,43,0.0,21.5,1016.3
2023-03-15 23:00:00,0.7,43,0.0,19.9,1016.7
2023-03-16 00:00:00,0.1,43,0.0,16.5,1017.4
2023-03-16 01:00:00,-0.4,44,0.0,13.0,1017.4
2023-03-16 02:00:00,-0.8,46,0.0,12.0,1017.6
2023-03-16 03:00:00,-1.1,49,0.0,10.2,1017.3
2023-03-16 04:00:00,-1.4,51,0.0,10.2,1017.5
2023-03-16 05:00:00,-1.3,53,0.0,9.6,1018.3
2023-03-16 06:00:00,-0.9,55,0.0,10.7,1018.7
2023-03-16 07:00:00,0.9,50,0.0,13.7,1019.1
2023-03-16 08:00:00,2.6,49,0.0,12.4,1019.1
2023-03-16 09:00:00,4.3,44,0.0,11.5,1018.5
2023-03-16 10:00:00,6.5,41,0.0,15.8,1018.0
2023-03-16 11:00:00,8.6,38,0.0,17.7,1017.6
2023-03-16 12:00:00,10.4,36,0.0,18.7,1017.0
2023-03-16 13:00:00,11.7,36,0.0,16.4,1015.8
2023-03-16 14:00:00,12.8,34,0.0,16.7,1014.8
2023-03-16 15:00:00,13.3,36,0.0,15.5,1014.1
2023-03-16 16:00:00,13.2,38,0.0,16.3,1013.3
2023-03-16 17:00:00,12.2,43,0.0,14.1,1013.3
2023-03-16 18:00:00,9.6,45,0.0,10.8,1013.8
2023-03-16 19:00:00,8.2,50,0.0,11.3,1013.4
2023-03-16 20:00:00,7.8,49,0.0,10.3,1013.8
2023-03-16 21:00:00,6.7,54,0.0,10.5,1013.7
2023-03-16 22:00:00,5.9,58,0.0,11.2,1013.5
2023-03-16 23:00:00,4.9,62,0.0,10.5,1013.5
2023-03-17 00:00:00,5.1,59,0.0,10.7,1013.2
2023-03-17 01:00:00,4.3,59,0.0,8.9,1012.6
2023-03-17 02:00:00,3.8,60,0.0,7.8,1011.8
2023-03-17 03:00:00,2.4,67,0.0,8.2,1011.0
2023-03-17 04:00:00,3.4,65,0.0,7.8,1010.3
2023-03-17 05:00:00,4.4,61,0.0,7.7,1010.7
2023-03-17 06:00:00,4.3,64,0.0,5.5,1010.5
2023-03-17 07:00:00,5.1,75,0.0,6.6,1009.7
2023-03-17 08:00:00,6.4,60,0.0,3.3,1009.4
2023-03-17 09:00:00,7.4,58,0.0,6.8,1008.8
2023-03-17 10:00:00,10.1,52,0.0,5.1,1008.0
2023-03-17 11:00:00,12.5,46,0.0,12.6,1006.4
2023-03-17 12:00:00,12.2,48,0.0,16.0,1005.4
2023-03-17 13:00:00,12.2,52,0.0,16.4,1004.2
2023-03-17 14:00:00,11.9,62,0.0,14.3,1002.9
2023-03-17 15:00:00,11.9,67,0.0,10.8,1002.5
2023-03-17 16:00:00,14.2,54,0.0,17.5,1001.8
2023-03-17 17:00:00,12.8,59,0.0,22.2,1002.0
2023-03-17 18:00:00,11.3,68,0.0,19.1,1002.0
2023-03-17 19:00:00,9.8,72,0.0,12.2,1002.4
2023-03-17 20:00:00,10.8,69,0.0,14.8,1002.2
2023-03-17 21:00:00,10.4,74,0.0,16.4,1002.9
2023-03-17 22:00:00,9.9,80,0.0,11.4,1002.8
2023-03-17 23:00:00,9.7,84,0.0,7.9,1002.7
2023-03-18 00:00:00,9.7,88,0.1,9.0,1002.8
2023-03-18 01:00:00,10.2,88,0.4,15.5,1002.9
2023-03-18 02:00:00,8.4,85,0.2,26.1,1003.9
2023-03-18 03:00:00,6.5,82,0.0,19.3,1004.1
2023-03-18 04:00:00,5.8,79,0.0,19.7,1004.8
2023-03-18 05:00:00,5.0,73,0.0,20.6,1006.0
2023-03-18 06:00:00,3.9,74,0.0,19.9,1006.9
2023-03-18 07:00:00,4.7,72,0.0,12.6,1006.8
2023-03-18 08:00:00,5.8,67,0.0,15.5,1007.4
2023-03-18 09:00:00,6.6,59,0.0,18.9,1007.3
2023-03-18 10:00:00,7.6,52,0.0,19.6,1007.1
2023-03-18 11:00:00,8.5,48,0.0,17.6,1007.1
2023-03-18 12:00:00,9.4,42,0.0,16.7,1006.8
2023-03-18 13:00:00,10.1,36,0.0,13.0,1005.9
2023-03-18 14:00:00,10.7,33,0.0,12.7,1005.5
2023-03-18 15:00:00,10.9,33,0.0,15.3,1005.3
2023-03-18 16:00:00,10.4,35,0.0,18.9,1005.0
2023-03-18 17:00:00,9.3,39,0.0,20.0,1005.7
2023-03-18 18:00:00,7.7,38,0.0,20.2,1006.6
2023-03-18 19:00:00,6.4,37,0.0,22.0,1007.9
2023-03-18 20:00:00,5.3,40,0.0,14.4,1008.4
2023-03-18 21:00:00,4.1,48,0.0,11.0,1009.4
2023-03-18 22:00:00,2.9,54,0.0,8.8,1009.6
2023-03-18 23:00:00,2.9,52,0.0,16.2,1010.2
2023-03-19 00:00:00,2.9,49,0.0,19.8,1010.9
2023-03-19 01:00:00,2.2,46,0.0,20.5,1011.8
2023-03-19 02:00:00,1.0,47,0.0,19.2,1012.8
2023-03-19 03:00:00,-0.2,48,0.0,20.0,1012.8
2023-03-19 04:00:00,-1.2,47,0.0,23.0,1013.4
2023-03-19 05:00:00,-2.1,43,0.0,22.3,1014.4
2023-03-19 06:00:00,-2.9,40,0.0,18.3,1015.6
2023-03-19 07:00:00,-1.7,40,0.0,20.9,1016.1
2023-03-19 08:00:00,-1.4,40,0.0,22.4,1016.5
2023-03-19 09:00:00,-0.4,38,0.0,23.4,1016.8
2023-03-19 10:00:00,1.0,35,0.0,25.7,1016.7
2023-03-19 11:00:00,2.2,34,0.0,27.0,1016.6
2023-03-19 12:00:00,2.9,35,0.0,26.2,1016.6
2023-03-19 13:00:00,3.4,35,0.0,27.3,1016.3
2023-03-19 14:00:00,3.6,35,0.0,27.0,1016.1
2023-03-19 15:00:00,3.5,35,0.0,27.1,1016.4
2023-03-19 16:00:00,3.5,34,0.0,27.3,1016.9
2023-03-19 17:00:00,3.3,34,0.0,25.2,1017.6
2023-03-19 18:00:00,2.3,38,0.0,15.5,1018.5
2023-03-19 19:00:00,0.9,47,0.0,11.5,1019.7
2023-03-19 20:00:00,0.3,49,0.0,14.0,1020.9
2023-03-19 21:00:00,-0.1,50,0.0,14.0,1021.8
2023-03-19 22:00:00,-0.5,52,0.0,12.7,1022.2
2023-03-19 23:00:00,-0.9,55,0.0,12.0,1022.8
2023-03-20 00:00:00,-1.2,55,0.0,13.7,1023.2
2023-03-20 01:00:00,-1.7,57,0.0,12.2,1023.7
2023-03-20 02:00:00,-2.2,60,0.0,9.8,1024.1
2023-03-20 03:00:00,-2.7,67,0.0,8.0,1024.2
2023-03-20 04:00:00,-3.1,71,0.0,7.3,1024.8
2023-03-20 05:00:00,-3.1,72,0.0,8.2,1025.5
2023-03-20 06:00:00,-3.4,76,0.0,7.1,1025.6
2023-03-20 07:00:00,-1.3,69,0.0,10.6,1026.4
2023-03-20 08:00:00,0.5,60,0.0,11.0,1027.1
2023-03-20 09:00:00,2.5,51,0.0,9.9,1027.2
2023-03-20 10:00:00,4.3,46,0.0,10.4,1027.0
2023-03-20 11:00:00,5.8,43,0.0,12.9,1026.5
2023-03-20 12:00:00,7.1,39,0.0,15.1,1025.9
2023-03-20 13:00:00,8.3,35,0.0,16.8,1025.0
2023-03-20 14:00:00,9.6,31,0.0,17.8,1024.0
2023-03-20 15:00:00,10.2,30,0.0,16.8,1023.6
2023-03-20 16:00:00,10.6,30,0.0,16.4,1023.2
2023-03-20 17:00:00,9.9,35,0.0,14.2,1023.0
2023-03-20 18:00:00,7.1,43,0.0,9.9,1023.5
2023-03-20 19:00:00,4.7,51,0.0,9.2,1023.9
2023-03-20 20:00:00,4.7,52,0.0,11.2,1024.4
2023-03-20 21:00:00,3.9,56,0.0,11.4,1024.7
2023-03-20 22:00:00,3.3,59,0.0,11.8,1025.0
2023-03-20 23:00:00,2.7,62,0.0,12.4,1025.4
2023-03-21 00:00:00,2.2,63,0.0,12.2,1025.8
2023-03-21 01:00:00,1.7,66,0.0,11.6,1026.3
2023-03-21 02:00:00,1.1,69,0.0,10.2,1026.5
2023-03-21 03:00:00,0.3,73,0.0,8.4,1026.5
2023-03-21 04:00:00,-0.0,74,0.0,8.9,1027.1
2023-03-21 05:00:00,-0.5,74,0.0,8.1,1027.8
2023-03-21 06:00:00,-1.1,77,0.0,7.6,1028.1
2023-03-21 07:00:00,1.7,66,0.0,11.5,1028.3
2023-03-21 08:00:00,4.1,61,0.0,8.3,1028.6
2023-03-21 09:00:00,7.8,51,0.0,7.9,1028.8
2023-03-21 10:00:00,10.6,39,0.0,8.7,1028.9
2023-03-21 11:00:00,12.3,34,0.0,11.2,1028.7
2023-03-21 12:00:00,13.4,31,0.0,15.6,1028.5
2023-03-21 13:00:00,14.6,26,0.0,20.0,1027.9
2023-03-21 14:00:00,15.4,24,0.0,20.1,1027.4
2023-03-21 15:00:00,15.7,24,0.0,18.2,1027.0
2023-03-21 16:00:00,15.3,25,0.0,19.7,1026.6
2023-03-21 17:00:00,14.0,30,0.0,15.6,1026.7
2023-03-21 18:00:00,10.7,36,0.0,10.2,1027.5
2023-03-21 19:00:00,9.7,33,0.0,13.3,1027.3
2023-03-21 20:00:00,8.7,39,0.0,13.8,1027.9
2023-03-21 21:00:00,7.9,42,0.0,14.4,1028.3
2023-03-21 22:00:00,7.4,42,0.0,14.0,1028.3
2023-03-21 23:00:00,6.5,45,0.0,13.0,1028.5
2023-03-22 00:00:00,4.9,52,0.0,11.3,1028.9
2023-03-22 01:00:00,4.1,56,0.0,10.6,1029.2
2023-03-22 02:00:00,3.7,60,0.0,9.5,1029.2
2023-03-22 03:00:00,3.0,64,0.0,8.7,1029.1
2023-03-22 04:00:00,2.2,69,0.0,8.5,1029.0
2023-03-22 05:00:00,2.6,70,0.0,7.7,1029.3
2023-03-22 06:00:00,2.8,70,0.0,7.1,1029.6
2023-03-22 07:00:00,5.2,59,0.0,8.9,1029.4
2023-03-22 08:00:00,6.5,58,0.0,6.8,1029.3
2023-03-22 09:00:00,7.9,53,0.0,6.8,1029.0
2023-03-22 10:00:00,10.2,47,0.0,7.7,1028.4
2023-03-22 11:00:00,11.5,45,0.0,18.1,1028.0
2023-03-22 12:00:00,12.0,46,0.0,20.5,1027.4
2023-03-22 13:00:00,13.2,49,0.0,19.8,1026.5
2023-03-22 14:00:00,12.1,62,0.0,21.1,1025.5
2023-03-22 15:00:00,12.6,70,0.0,22.1,1024.6
2023-03-22 16:00:00,11.8,78,0.0,22.1,1023.8
2023-03-22 17:00:00,9.8,86,0.0,19.5,1023.2
2023-03-22 18:00:00,9.5,88,0.0,23.1,1022.5
2023-03-22 19:00:00,8.9,87,0.0,20.6,1022.8
2023-03-22 20:00:00,8.8,92,0.0,19.8,1022.8
2023-03-22 21:00:00,8.3,94,0.0,16.2,1022.3
2023-03-22 22:00:00,7.5,96,0.0,10.1,1022.1
2023-03-22 23:00:00,6.6,99,0.0,6.9,1021.8
2023-03-23 00:00:00,5.1,100,0.0,10.5,1021.4
2023-03-23 01:00:00,5.2,100,0.0,11.2,1020.9
2023-03-23 02:00:00,5.2,99,0.0,11.5,1019.9
2023-03-23 03:00:00,6.2,96,0.0,7.7,1018.7
2023-03-23 04:00:00,6.6,93,0.0,7.1,1018.3
2023-03-23 05:00:00,7.3,91,0.0,6.4,1018.0
2023-03-23 06:00:00,7.3,88,0.0,9.7,1017.2
2023-03-23 07:00:00,7.9,86,0.0,12.1,1016.3
2023-03-23 08:00:00,10.1,77,0.0,13.7,1015.6
2023-03-23 09:00:00,12.3,71,0.0,14.3,1014.7
2023-03-23 10:00:00,12.6,74,1.3,12.7,1014.3
2023-03-23 11:00:00,12.9,73,0.1,16.6,1013.4
2023-03-23 12:00:00,12.0,90,1.2,14.0,1012.6
2023-03-23 13:00:00,12.5,85,0.2,24.5,1011.3
2023-03-23 14:00:00,11.8,89,0.0,19.9,1009.9
2023-03-23 15:00:00,13.3,84,0.0,23.3,1008.8
2023-03-23 16:00:00,14.6,80,0.0,21.3,1007.7
2023-03-23 17:00:00,14.8,81,0.0,16.6,1007.0
2023-03-23 18:00:00,14.6,81,0.0,17.7,1006.9
2023-03-23 19:00:00,13.1,88,0.0,17.3,1007.6
2023-03-23 20:00:00,13.5,89,0.0,19.2,1007.6
2023-03-23 21:00:00,14.2,87,0.0,18.6,1007.6
2023-03-23 22:00:00,14.4,87,0.0,17.7,1008.6
2023-03-23 23:00:00,12.9,83,0.0,16.3,1009.5
2023-03-24 00:00:00,11.9,76,0.0,19.1,1010.3
2023-03-24 01:00:00,10.5,77,0.0,14.7,1010.7
2023-03-24 02:00:00,9.3,78,0.0,12.1,1011.3
2023-03-24 03:00:00,8.1,69,0.0,14.2,1011.6
2023-03-24 04:00:00,7.0,59,0.0,18.8,1012.3
2023-03-24 05:00:00,6.0,64,0.0,19.0,1013.3
2023-03-24 06:00:00,5.7,64,0.0,15.9,1014.3
2023-03-24 07:00:00,6.4,56,0.0,11.6,1014.3
2023-03-24 08:00:00,6.6,55,0.0,11.9,1015.1
2023-03-24 09:00:00,6.5,55,0.0,11.5,1015.2
2023-03-24 10:00:00,6.9,56,0.1,12.7,1015.3
2023-03-24 11:00:00,7.3,55,0.1,12.7,1015.6
2023-03-24 12:00:00,7.8,55,0.0,8.6,1015.4
2023-03-24 13:00:00,9.7,51,0.0,7.7,1015.0
2023-03-24 14:00:00,10.8,48,0.0,7.8,1014.6
2023-03-24 15:00:00,11.5,47,0.0,4.1,1014.1
2023-03-24 16:00:00,12.2,46,0.0,4.3,1014.5
2023-03-24 17:00:00,11.8,46,0.0,5.4,1014.9
2023-03-24 18:00:00,9.2,57,0.0,13.0,1015.5
2023-03-24 19:00:00,7.5,64,0.0,6.7,1016.7
2023-03-24 20:00:00,6.9,70,0.0,5.4,1017.1
2023-03-24 21:00:00,7.5,63,0.0,0.7,1017.7
2023-03-24 22:00:00,5.5,75,0.0,5.5,1018.0
2023-03-24 23:00:00,5.0,75,0.0,6.1,1018.4
2023-03-25 00:00:00,4.5,72,0.0,6.6,1018.6
2023-03-25 01:00:00,2.8,78,0.0,8.1,1018.9
2023-03-25 02:00:00,3.6,72,0.0,8.7,1018.5
2023-03-25 03:00:00,4.1,68,0.0,14.8,1018.5
2023-03-25 04:00:00,4.7,70,0.0,17.9,1018.8
2023-03-25 05:00:00,5.1,79,0.0,19.4,1017.5
2023-03-25 06:00:00,5.8,78,0.0,21.8,1018.1
2023-03-25 07:00:00,5.7,73,0.0,21.2,1018.2
2023-03-25 08:00:00,6.1,69,0.0,23.2,1018.0
2023-03-25 09:00:00,5.9,75,0.6,21.6,1017.2
2023-03-25 10:00:00,5.9,79,0.2,22.3,1016.0
2023-03-25 11:00:00,5.4,89,3.1,19.4,1015.4
2023-03-25 12:00:00,5.9,92,2.7,17.4,1014.9
2023-03-25 13:00:00,6.1,92,1.4,31.4,1012.5
2023-03-25 14:00:00,5.9,94,1.0,28.1,1010.7
2023-03-25 15:00:00,6.3,94,1.1,25.3,1009.3
2023-03-25 16:00:00,6.9,94,0.8,23.9,1007.4
2023-03-25 17:00:00,7.4,96,0.4,17.1,1007.3
2023-03-25 18:00:00,7.4,96,0.2,18.2,1006.9
2023-03-25 19:00:00,5.3,95,0.0,15.0,1007.7
2023-03-25 20:00:00,5.3,96,0.0,15.3,1007.3
2023-03-25 21:00:00,5.3,97,0.0,12.1,1007.4
2023-03-25 22:00:00,5.0,98,0.0,10.7,1006.7
2023-03-25 23:00:00,4.4,99,0.0,4.1,1007.2
2023-03-26 00:00:00,5.0,98,0.0,6.7,1007.0
2023-03-26 01:00:00,3.1,99,0.0,7.9,1007.1
2023-03-26 02:00:00,4.3,97,0.0,9.7,1007.5
2023-03-26 03:00:00,5.6,96,0.0,15.2,1008.1
2023-03-26 04:00:00,6.6,87,0.0,20.3,1009.2
2023-03-26 05:00:00,5.6,82,0.0,18.5,1010.5
2023-03-26 06:00:00,4.7,79,0.0,19.5,1011.5
2023-03-26 07:00:00,6.5,78,0.0,18.1,1011.9
2023-03-26 08:00:00,8.5,64,0.0,19.9,1012.6
2023-03-26 09:00:00,10.1,52,0.0,22.9,1012.6
2023-03-26 10:00:00,11.5,46,0.0,24.5,1012.4
2023-03-26 11:00:00,12.6,44,0.0,23.6,1012.4
2023-03-26 12:00:00,13.8,39,0.0,21.0,1012.3
2023-03-26 13:00:00,14.7,37,0.0,20.9,1012.7
2023-03-26 14:00:00,14.9,36,0.0,23.9,1012.9
2023-03-26 15:00:00,14.9,35,0.0,24.2,1012.6
2023-03-26 16:00:00,14.7,36,0.0,22.3,1012.7
2023-03-26 17:00:00,13.9,41,0.0,16.9,1013.2
2023-03-26 18:00:00,11.6,45,0.0,11.4,1014.1
2023-03-26 19:00:00,8.7,54,0.0,9.6,1014.5
2023-03-26 20:00:00,10.3,43,0.0,15.1,1015.2
2023-03-26 21:00:00,9.0,45,0.0,11.5,1016.0
2023-03-26 22:00:00,6.6,57,0.0,8.4,1016.2
2023-03-26 23:00:00,5.9,64,0.0,8.9,1016.5
2023-03-27 00:00:00,4.8,68,0.0,8.2,1017.2
2023-03-27 01:00:00,4.1,68,0.0,8.1,1017.3
2023-03-27 02:00:00,3.6,69,0.0,7.7,1017.9
2023-03-27 03:00:00,3.6,66,0.0,10.1,1017.2
2023-03-27 04:00:00,4.2,61,0.0,7.1,1017.9
2023-03-27 05:00:00,4.1,67,0.0,6.4,1018.6
2023-03-27 06:00:00,2.4,79,0.0,9.0,1018.2
2023-03-27 07:00:00,4.9,66,0.0,10.8,1018.3
2023-03-27 08:00:00,7.1,63,0.0,7.5,1018.5
2023-03-27 09:00:00,10.0,53,0.0,9.7,1018.2
2023-03-27 10:00:00,12.3,45,0.0,11.3,1017.4
2023-03-27 11:00:00,14.1,38,0.0,13.6,1016.5
2023-03-27 12:00:00,14.7,34,0.0,17.7,1015.6
2023-03-27 13:00:00,13.7,38,0.0,23.7,1014.7
2023-03-27 14:00:00,11.8,44,0.0,21.6,1014.3
2023-03-27 15:00:00,9.9,54,0.0,18.9,1013.0
2023-03-27 16:00:00,10.5,57,0.0,13.6,1013.1
2023-03-27 17:00:00,9.4,67,0.0,9.0,1013.0
2023-03-27 18:00:00,8.5,87,1.3,7.2,1014.1
2023-03-27 19:00:00,7.4,80,0.7,15.0,1014.4
2023-03-27 20:00:00,6.2,81,0.6,17.9,1014.7
2023-03-27 21:00:00,6.0,82,0.0,15.3,1015.1
2023-03-27 22:00:00,5.3,86,0.0,10.7,1015.3
2023-03-27 23:00:00,4.6,91,0.0,7.3,1015.2
2023-03-28 00:00:00,4.1,93,0.0,9.7,1015.5
2023-03-28 01:00:00,3.8,93,0.0,10.1,1015.8
2023-03-28 02:00:00,3.4,93,0.0,9.0,1016.0
2023-03-28 03:00:00,3.0,95,0.0,8.6,1016.4
2023-03-28 04:00:00,3.8,95,0.0,9.0,1016.5
2023-03-28 05:00:00,4.1,95,0.0,10.1,1016.6
2023-03-28 06:00:00,3.7,97,0.0,11.5,1016.8
2023-03-28 07:00:00,6.1,89,0.0,10.7,1017.6
2023-03-28 08:00:00,5.8,88,0.3,14.4,1018.6
2023-03-28 09:00:00,5.5,86,0.2,14.8,1019.1
2023-03-28 10:00:00,5.8,81,0.1,18.4,1019.3
2023-03-28 11:00:00,7.2,70,0.0,21.1,1019.6
2023-03-28 12:00:00,8.0,60,0.0,17.7,1019.5
2023-03-28 13:00:00,9.6,51,0.0,16.3,1019.0
2023-03-28 14:00:00,10.5,49,0.0,17.4,1018.3
2023-03-28 15:00:00,10.4,46,0.0,14.0,1017.8
2023-03-28 16:00:00,10.9,42,0.0,12.8,1017.6
2023-03-28 17:00:00,11.1,38,0.0,6.4,1017.4
2023-03-28 18:00:00,10.7,35,0.0,3.1,1018.1
2023-03-28 19:00:00,6.8,55,0.0,6.2,1019.5
2023-03-28 20:00:00,6.9,54,0.0,5.8,1020.2
2023-03-28 21:00:00,4.8,65,0.0,7.2,1020.5
2023-03-28 22:00:00,4.0,68,0.0,11.2,1020.8
2023-03-28 23:00:00,3.2,71,0.0,11.3,1020.3
2023-03-29 00:00:00,2.4,74,0.0,7.6,1020.2
2023-03-29 01:00:00,1.5,79,0.0,9.0,1020.3
2023-03-29 02:00:00,1.3,80,0.0,8.4,1020.6
2023-03-29 03:00:00,0.4,85,0.0,8.4,1020.3
2023-03-29 04:00:00,-0.2,86,0.0,8.5,1021.2
2023-03-29 05:00:00,0.7,84,0.0,8.6,1021.4
2023-03-29 06:00:00,0.8,82,0.0,9.0,1022.2
2023-03-29 07:00:00,2.4,75,0.0,11.8,1022.9
2023-03-29 08:00:00,4.6,62,0.0,10.2,1022.9
2023-03-29 09:00:00,6.8,44,0.0,9.8,1022.7
2023-03-29 10:00:00,8.0,36,0.0,6.3,1022.2
2023-03-29 11:00:00,8.8,34,0.0,1.5,1021.8
2023-03-29 12:00:00,9.6,32,0.0,3.3,1020.9
2023-03-29 13:00:00,10.4,32,0.0,6.6,1020.0
2023-03-29 14:00:00,10.6,35,0.0,13.0,1018.8
2023-03-29 15:00:00,10.9,37,0.0,14.1,1017.8
2023-03-29 16:00:00,9.2,45,0.0,20.6,1017.3
2023-03-29 17:00:00,6.7,53,0.0,21.7,1017.1
2023-03-29 18:00:00,5.6,67,0.0,24.2,1017.2
2023-03-29 19:00:00,5.1,70,0.0,23.1,1017.3
2023-03-29 20:00:00,5.5,72,0.0,21.6,1017.0
2023-03-29 21:00:00,5.1,75,0.0,21.4,1017.0
2023-03-29 22:00:00,4.9,78,0.0,16.6,1016.6
2023-03-29 23:00:00,5.7,65,0.0,21.7,1016.6
2023-03-30 00:00:00,5.6,63,0.0,21.2,1018.4
2023-03-30 01:00:00,3.5,68,0.1,27.1,1019.4
2023-03-30 02:00:00,1.9,53,0.0,28.5,1020.8
2023-03-30 03:00:00,0.2,48,0.0,28.2,1022.0
2023-03-30 04:00:00,-0.7,48,0.0,26.9,1023.0
2023-03-30 05:00:00,-1.1,46,0.0,24.2,1023.9
2023-03-30 06:00:00,-1.6,50,0.0,21.2,1024.7
2023-03-30 07:00:00,-0.3,47,0.0,18.4,1025.9
2023-03-30 08:00:00,0.5,45,0.0,19.9,1026.3
2023-03-30 09:00:00,1.6,42,0.0,18.1,1026.5
2023-03-30 10:00:00,2.8,42,0.0,17.7,1027.0
2023-03-30 11:00:00,4.8,33,0.0,21.9,1026.9
2023-03-30 12:00:00,5.2,35,0.0,18.5,1026.7
2023-03-30 13:00:00,6.2,33,0.0,16.4,1026.1
2023-03-30 14:00:00,7.1,31,0.0,18.2,1025.5
2023-03-30 15:00:00,7.4,31,0.0,18.9,1025.2
2023-03-30 16:00:00,7.4,30,0.0,18.5,1025.1
2023-03-30 17:00:00,7.0,29,0.0,18.0,1025.3
2023-03-30 18:00:00,5.6,36,0.0,10.7,1025.7
2023-03-30 19:00:00,3.3,52,0.0,7.4,1026.5
2023-03-30 20:00:00,1.9,63,0.0,9.4,1026.9
2023-03-30 21:00:00,1.0,69,0.0,8.9,1027.5
2023-03-30 22:00:00,0.5,73,0.0,8.7,1027.9
2023-03-30 23:00:00,2.7,63,0.0,5.0,1027.7
2023-03-31 00:00:00,2.6,72,0.0,1.4,1027.8
2023-03-31 01:00:00,2.3,71,0.0,3.0,1027.7
2023-03-31 02:00:00,2.0,75,0.0,3.3,1027.5
2023-03-31 03:00:00,2.1,81,0.0,4.5,1027.9
2023-03-31 04:00:00,2.1,84,0.0,6.7,1027.9
2023-03-31 05:00:00,-0.9,89,0.0,9.7,1028.0
2023-03-31 06:00:00,0.7,83,0.0,5.9,1028.0
2023-03-31 07:00:00,2.1,73,0.0,6.9,1028.4
2023-03-31 08:00:00,4.1,65,0.0,6.6,1028.1
2023-03-31 09:00:00,6.2,61,0.0,9.0,1027.4
2023-03-31 10:00:00,7.8,60,0.0,13.6,1026.7
2023-03-31 11:00:00,8.7,64,0.0,20.5,1025.7
2023-03-31 12:00:00,9.7,53,0.0,29.4,1024.3
2023-03-31 13:00:00,8.6,62,0.0,28.4,1023.4
2023-03-31 14:00:00,8.2,70,0.0,23.5,1021.8
2023-03-31 15:00:00,8.9,71,0.0,20.5,1019.9
2023-03-31 16:00:00,9.6,73,0.0,17.9,1018.0
2023-03-31 17:00:00,9.5,80,0.0,15.8,1016.7
2023-03-31 18:00:00,9.9,79,0.0,11.9,1015.4
2023-03-31 19:00:00,7.6,86,0.0,6.6,1015.0
2023-03-31 20:00:00,7.7,89,0.0,10.7,1014.1
2023-03-31 21:00:00,9.5,84,0.0,10.0,1013.5
2023-03-31 22:00:00,8.1,89,0.0,11.2,1013.0
2023-03-31 23:00:00,9.5,87,0.0,7.6,1012.3
